2026-06-03T10:55:20.664+05:30  INFO 16848 --- [restartedMain] c.msedcl.main.transaction.Application    : Starting Application using Java 25.0.1 with PID 16848 (C:\Training\Spring Boot Microservices\03_TransactionService\target\classes started by student5 in C:\Training\Spring Boot Microservices\03_TransactionService)
2026-06-03T10:55:20.668+05:30  INFO 16848 --- [restartedMain] c.msedcl.main.transaction.Application    : No active profile set, falling back to 1 default profile: "default"
2026-06-03T10:55:20.789+05:30  INFO 16848 --- [restartedMain] .e.DevToolsPropertyDefaultsPostProcessor : Devtools property defaults active! Set 'spring.devtools.add-properties' to 'false' to disable
2026-06-03T10:55:20.790+05:30  INFO 16848 --- [restartedMain] .e.DevToolsPropertyDefaultsPostProcessor : For additional web related logging consider setting the 'logging.level.web' property to 'DEBUG'
2026-06-03T10:55:21.809+05:30  INFO 16848 --- [restartedMain] .s.d.r.c.RepositoryConfigurationDelegate : Bootstrapping Spring Data JPA repositories in DEFAULT mode.
2026-06-03T10:55:21.914+05:30  INFO 16848 --- [restartedMain] .s.d.r.c.RepositoryConfigurationDelegate : Finished Spring Data repository scanning in 91 ms. Found 1 JPA repository interface.
2026-06-03T10:55:22.815+05:30  INFO 16848 --- [restartedMain] o.s.boot.tomcat.TomcatWebServer          : Tomcat initialized with port 8282 (http)
2026-06-03T10:55:22.833+05:30  INFO 16848 --- [restartedMain] o.apache.catalina.core.StandardService   : Starting service [Tomcat]
2026-06-03T10:55:22.833+05:30  INFO 16848 --- [restartedMain] o.apache.catalina.core.StandardEngine    : Starting Servlet engine: [Apache Tomcat/11.0.21]
2026-06-03T10:55:22.907+05:30  INFO 16848 --- [restartedMain] b.w.c.s.WebApplicationContextInitializer : Root WebApplicationContext: initialization completed in 2116 ms
2026-06-03T10:55:23.138+05:30  INFO 16848 --- [restartedMain] com.zaxxer.hikari.HikariDataSource       : HikariPool-1 - Starting...
2026-06-03T10:55:23.700+05:30  INFO 16848 --- [restartedMain] com.zaxxer.hikari.pool.HikariPool        : HikariPool-1 - Added connection com.mysql.cj.jdbc.ConnectionImpl@1054c9b8
2026-06-03T10:55:23.703+05:30  INFO 16848 --- [restartedMain] com.zaxxer.hikari.HikariDataSource       : HikariPool-1 - Start completed.
2026-06-03T10:55:23.755+05:30  INFO 16848 --- [restartedMain] org.hibernate.orm.jpa                    : HHH008540: Processing PersistenceUnitInfo [name: default]
2026-06-03T10:55:23.855+05:30  INFO 16848 --- [restartedMain] org.hibernate.orm.core                   : HHH000001: Hibernate ORM core version 7.2.12.Final
2026-06-03T10:55:24.533+05:30  INFO 16848 --- [restartedMain] o.s.o.j.p.SpringPersistenceUnitInfo      : No LoadTimeWeaver setup: ignoring JPA class transformer
2026-06-03T10:55:24.656+05:30  INFO 16848 --- [restartedMain] org.hibernate.orm.connections.pooling    : HHH10001005: Database info:
	Database JDBC URL [jdbc:mysql://localhost:3306/transaction_db]
	Database driver: MySQL Connector/J
	Database dialect: MySQLDialect
	Database version: 8.0.45
	Default catalog/schema: transaction_db/undefined
	Autocommit mode: undefined/unknown
	Isolation level: REPEATABLE_READ [default REPEATABLE_READ]
	JDBC fetch size: none
	Pool: DataSourceConnectionProvider
	Minimum pool size: undefined/unknown
	Maximum pool size: undefined/unknown
2026-06-03T10:55:25.586+05:30  INFO 16848 --- [restartedMain] org.hibernate.orm.core                   : HHH000489: No JTA platform available (set 'hibernate.transaction.jta.platform' to enable JTA platform integration)
2026-06-03T10:55:25.596+05:30  INFO 16848 --- [restartedMain] j.LocalContainerEntityManagerFactoryBean : Initialized JPA EntityManagerFactory for persistence unit 'default'
2026-06-03T10:55:25.717+05:30  INFO 16848 --- [restartedMain] o.s.d.j.r.query.QueryEnhancerFactories   : Hibernate is in classpath; If applicable, HQL parser will be used.
2026-06-03T10:55:26.002+05:30  WARN 16848 --- [restartedMain] JpaBaseConfiguration$JpaWebConfiguration : spring.jpa.open-in-view is enabled by default. Therefore, database queries may be performed during view rendering. Explicitly configure spring.jpa.open-in-view to disable this warning
2026-06-03T10:55:26.425+05:30  INFO 16848 --- [restartedMain] o.s.boot.tomcat.TomcatWebServer          : Tomcat started on port 8282 (http) with context path '/'
2026-06-03T10:55:26.431+05:30  INFO 16848 --- [restartedMain] c.msedcl.main.transaction.Application    : Started Application in 6.466 seconds (process running for 7.608)
2026-06-03T10:57:33.343+05:30  INFO 16848 --- [File Watcher] rtingClassPathChangeChangedEventListener : Restarting due to 4 class path changes (0 additions, 0 deletions, 4 modifications)
2026-06-03T10:57:33.349+05:30  INFO 16848 --- [Thread-1] o.s.boot.tomcat.GracefulShutdown         : Commencing graceful shutdown. Waiting for active requests to complete
2026-06-03T10:57:33.353+05:30  INFO 16848 --- [tomcat-shutdown] o.s.boot.tomcat.GracefulShutdown         : Graceful shutdown complete
2026-06-03T10:57:33.357+05:30  INFO 16848 --- [Thread-1] j.LocalContainerEntityManagerFactoryBean : Closing JPA EntityManagerFactory for persistence unit 'default'
2026-06-03T10:57:33.361+05:30  INFO 16848 --- [Thread-1] com.zaxxer.hikari.HikariDataSource       : HikariPool-1 - Shutdown initiated...
2026-06-03T10:57:33.370+05:30  INFO 16848 --- [Thread-1] com.zaxxer.hikari.HikariDataSource       : HikariPool-1 - Shutdown completed.
2026-06-03T10:57:33.473+05:30  INFO 16848 --- [restartedMain] c.msedcl.main.transaction.Application    : Starting Application using Java 25.0.1 with PID 16848 (C:\Training\Spring Boot Microservices\03_TransactionService\target\classes started by student5 in C:\Training\Spring Boot Microservices\03_TransactionService)
2026-06-03T10:57:33.473+05:30  INFO 16848 --- [restartedMain] c.msedcl.main.transaction.Application    : No active profile set, falling back to 1 default profile: "default"
2026-06-03T10:57:33.664+05:30  INFO 16848 --- [restartedMain] .s.d.r.c.RepositoryConfigurationDelegate : Bootstrapping Spring Data JPA repositories in DEFAULT mode.
2026-06-03T10:57:33.683+05:30  INFO 16848 --- [restartedMain] .s.d.r.c.RepositoryConfigurationDelegate : Finished Spring Data repository scanning in 16 ms. Found 1 JPA repository interface.
2026-06-03T10:57:33.787+05:30  INFO 16848 --- [restartedMain] o.s.boot.tomcat.TomcatWebServer          : Tomcat initialized with port 8282 (http)
2026-06-03T10:57:33.788+05:30  INFO 16848 --- [restartedMain] o.apache.catalina.core.StandardService   : Starting service [Tomcat]
2026-06-03T10:57:33.788+05:30  INFO 16848 --- [restartedMain] o.apache.catalina.core.StandardEngine    : Starting Servlet engine: [Apache Tomcat/11.0.21]
2026-06-03T10:57:33.812+05:30  INFO 16848 --- [restartedMain] b.w.c.s.WebApplicationContextInitializer : Root WebApplicationContext: initialization completed in 333 ms
2026-06-03T10:57:33.849+05:30  INFO 16848 --- [restartedMain] com.zaxxer.hikari.HikariDataSource       : HikariPool-2 - Starting...
2026-06-03T10:57:33.870+05:30  INFO 16848 --- [restartedMain] com.zaxxer.hikari.pool.HikariPool        : HikariPool-2 - Added connection com.mysql.cj.jdbc.ConnectionImpl@1bdb69f1
2026-06-03T10:57:33.870+05:30  INFO 16848 --- [restartedMain] com.zaxxer.hikari.HikariDataSource       : HikariPool-2 - Start completed.
2026-06-03T10:57:33.872+05:30  INFO 16848 --- [restartedMain] org.hibernate.orm.jpa                    : HHH008540: Processing PersistenceUnitInfo [name: default]
2026-06-03T10:57:33.911+05:30  INFO 16848 --- [restartedMain] o.s.o.j.p.SpringPersistenceUnitInfo      : No LoadTimeWeaver setup: ignoring JPA class transformer
2026-06-03T10:57:33.914+05:30  INFO 16848 --- [restartedMain] org.hibernate.orm.connections.pooling    : HHH10001005: Database info:
	Database JDBC URL [jdbc:mysql://localhost:3306/transaction_db]
	Database driver: MySQL Connector/J
	Database dialect: MySQLDialect
	Database version: 8.0.45
	Default catalog/schema: transaction_db/undefined
	Autocommit mode: undefined/unknown
	Isolation level: REPEATABLE_READ [default REPEATABLE_READ]
	JDBC fetch size: none
	Pool: DataSourceConnectionProvider
	Minimum pool size: undefined/unknown
	Maximum pool size: undefined/unknown
2026-06-03T10:57:33.981+05:30  INFO 16848 --- [restartedMain] org.hibernate.orm.core                   : HHH000489: No JTA platform available (set 'hibernate.transaction.jta.platform' to enable JTA platform integration)
2026-06-03T10:57:33.983+05:30  INFO 16848 --- [restartedMain] j.LocalContainerEntityManagerFactoryBean : Initialized JPA EntityManagerFactory for persistence unit 'default'
2026-06-03T10:57:34.070+05:30  WARN 16848 --- [restartedMain] JpaBaseConfiguration$JpaWebConfiguration : spring.jpa.open-in-view is enabled by default. Therefore, database queries may be performed during view rendering. Explicitly configure spring.jpa.open-in-view to disable this warning
2026-06-03T10:57:34.178+05:30  INFO 16848 --- [restartedMain] o.s.boot.tomcat.TomcatWebServer          : Tomcat started on port 8282 (http) with context path '/'
2026-06-03T10:57:34.185+05:30  INFO 16848 --- [restartedMain] c.msedcl.main.transaction.Application    : Started Application in 0.747 seconds (process running for 135.362)
2026-06-03T10:57:34.190+05:30  INFO 16848 --- [restartedMain] .ConditionEvaluationDeltaLoggingListener : Condition evaluation unchanged
2026-06-03T10:59:49.353+05:30  INFO 16848 --- [http-nio-8282-exec-2] o.a.c.c.C.[Tomcat].[localhost].[/]       : Initializing Spring DispatcherServlet 'dispatcherServlet'
2026-06-03T10:59:49.353+05:30  INFO 16848 --- [http-nio-8282-exec-2] o.s.web.servlet.DispatcherServlet        : Initializing Servlet 'dispatcherServlet'
2026-06-03T10:59:49.355+05:30  INFO 16848 --- [http-nio-8282-exec-2] o.s.web.servlet.DispatcherServlet        : Completed initialization in 1 ms
2026-06-03T10:59:49.541+05:30  INFO 16848 --- [http-nio-8282-exec-2] c.m.m.t.c.TransactionController          : Request Received To Deposit Money
2026-06-03T10:59:49.541+05:30  INFO 16848 --- [http-nio-8282-exec-2] c.m.m.t.c.TransactionController          : com.msedcl.main.transaction.dto.TransactionRequestDTO@5f7fedf7
2026-06-03T10:59:51.858+05:30 ERROR 16848 --- [http-nio-8282-exec-2] o.a.c.c.C.[.[.[/].[dispatcherServlet]    : Servlet.service() for servlet [dispatcherServlet] in context with path [] threw exception [Request processing failed: org.springframework.web.client.ResourceAccessException: I/O error on PUT request for "http://account/accountsapi/accounts/account/balance": account] with root cause

java.net.UnknownHostException: account
	at java.base/sun.nio.ch.NioSocketImpl.connect(NioSocketImpl.java:569) ~[na:na]
	at java.base/java.net.Socket.connect(Socket.java:659) ~[na:na]
	at java.base/java.net.Socket.connect(Socket.java:597) ~[na:na]
	at java.base/sun.net.NetworkClient.doConnect(NetworkClient.java:166) ~[na:na]
	at java.base/sun.net.www.http.HttpClient.openServer(HttpClient.java:516) ~[na:na]
	at java.base/sun.net.www.http.HttpClient.openServer(HttpClient.java:604) ~[na:na]
	at java.base/sun.net.www.http.HttpClient.<init>(HttpClient.java:276) ~[na:na]
	at java.base/sun.net.www.http.HttpClient.New(HttpClient.java:380) ~[na:na]
	at java.base/sun.net.www.http.HttpClient.New(HttpClient.java:393) ~[na:na]
	at java.base/sun.net.www.protocol.http.HttpURLConnection.getNewHttpClient(HttpURLConnection.java:1030) ~[na:na]
	at java.base/sun.net.www.protocol.http.HttpURLConnection.plainConnect0(HttpURLConnection.java:963) ~[na:na]
	at java.base/sun.net.www.protocol.http.HttpURLConnection.plainConnect(HttpURLConnection.java:899) ~[na:na]
	at java.base/sun.net.www.protocol.http.HttpURLConnection.connect(HttpURLConnection.java:872) ~[na:na]
	at org.springframework.http.client.SimpleClientHttpRequest.executeInternal(SimpleClientHttpRequest.java:80) ~[spring-web-7.0.7.jar:7.0.7]
	at org.springframework.http.client.AbstractStreamingClientHttpRequest.executeInternal(AbstractStreamingClientHttpRequest.java:87) ~[spring-web-7.0.7.jar:7.0.7]
	at org.springframework.http.client.AbstractClientHttpRequest.execute(AbstractClientHttpRequest.java:80) ~[spring-web-7.0.7.jar:7.0.7]
	at org.springframework.web.client.RestTemplate.doExecute(RestTemplate.java:754) ~[spring-web-7.0.7.jar:7.0.7]
	at org.springframework.web.client.RestTemplate.execute(RestTemplate.java:677) ~[spring-web-7.0.7.jar:7.0.7]
	at org.springframework.web.client.RestTemplate.exchange(RestTemplate.java:590) ~[spring-web-7.0.7.jar:7.0.7]
	at com.msedcl.main.transaction.client.AccountServiceClient.updateBalance(AccountServiceClient.java:64) ~[classes/:na]
	at com.msedcl.main.transaction.service.TransactionServiceImpl.deposit(TransactionServiceImpl.java:37) ~[classes/:na]
	at com.msedcl.main.transaction.controller.TransactionController.depositMoney(TransactionController.java:45) ~[classes/:na]
	at java.base/jdk.internal.reflect.DirectMethodHandleAccessor.invoke(DirectMethodHandleAccessor.java:104) ~[na:na]
	at java.base/java.lang.reflect.Method.invoke(Method.java:565) ~[na:na]
	at org.springframework.web.method.support.InvocableHandlerMethod.doInvoke(InvocableHandlerMethod.java:252) ~[spring-web-7.0.7.jar:7.0.7]
	at org.springframework.web.method.support.InvocableHandlerMethod.invokeForRequest(InvocableHandlerMethod.java:184) ~[spring-web-7.0.7.jar:7.0.7]
	at org.springframework.web.servlet.mvc.method.annotation.ServletInvocableHandlerMethod.invokeAndHandle(ServletInvocableHandlerMethod.java:117) ~[spring-webmvc-7.0.7.jar:7.0.7]
	at org.springframework.web.servlet.mvc.method.annotation.RequestMappingHandlerAdapter.invokeHandlerMethod(RequestMappingHandlerAdapter.java:934) ~[spring-webmvc-7.0.7.jar:7.0.7]
	at org.springframework.web.servlet.mvc.method.annotation.RequestMappingHandlerAdapter.handleInternal(RequestMappingHandlerAdapter.java:853) ~[spring-webmvc-7.0.7.jar:7.0.7]
	at org.springframework.web.servlet.mvc.method.AbstractHandlerMethodAdapter.handle(AbstractHandlerMethodAdapter.java:86) ~[spring-webmvc-7.0.7.jar:7.0.7]
	at org.springframework.web.servlet.DispatcherServlet.doDispatch(DispatcherServlet.java:963) ~[spring-webmvc-7.0.7.jar:7.0.7]
	at org.springframework.web.servlet.DispatcherServlet.doService(DispatcherServlet.java:866) ~[spring-webmvc-7.0.7.jar:7.0.7]
	at org.springframework.web.servlet.FrameworkServlet.processRequest(FrameworkServlet.java:1000) ~[spring-webmvc-7.0.7.jar:7.0.7]
	at org.springframework.web.servlet.FrameworkServlet.doPost(FrameworkServlet.java:903) ~[spring-webmvc-7.0.7.jar:7.0.7]
	at jakarta.servlet.http.HttpServlet.service(HttpServlet.java:649) ~[tomcat-embed-core-11.0.21.jar:6.1]
	at org.springframework.web.servlet.FrameworkServlet.service(FrameworkServlet.java:874) ~[spring-webmvc-7.0.7.jar:7.0.7]
	at jakarta.servlet.http.HttpServlet.service(HttpServlet.java:710) ~[tomcat-embed-core-11.0.21.jar:6.1]
	at org.apache.catalina.core.ApplicationFilterChain.doFilter(ApplicationFilterChain.java:128) ~[tomcat-embed-core-11.0.21.jar:11.0.21]
	at org.apache.tomcat.websocket.server.WsFilter.doFilter(WsFilter.java:53) ~[tomcat-embed-websocket-11.0.21.jar:11.0.21]
	at org.apache.catalina.core.ApplicationFilterChain.doFilter(ApplicationFilterChain.java:107) ~[tomcat-embed-core-11.0.21.jar:11.0.21]
	at org.springframework.web.filter.RequestContextFilter.doFilterInternal(RequestContextFilter.java:100) ~[spring-web-7.0.7.jar:7.0.7]
	at org.springframework.web.filter.OncePerRequestFilter.doFilter(OncePerRequestFilter.java:116) ~[spring-web-7.0.7.jar:7.0.7]
	at org.apache.catalina.core.ApplicationFilterChain.doFilter(ApplicationFilterChain.java:107) ~[tomcat-embed-core-11.0.21.jar:11.0.21]
	at org.springframework.web.filter.FormContentFilter.doFilterInternal(FormContentFilter.java:93) ~[spring-web-7.0.7.jar:7.0.7]
	at org.springframework.web.filter.OncePerRequestFilter.doFilter(OncePerRequestFilter.java:116) ~[spring-web-7.0.7.jar:7.0.7]
	at org.apache.catalina.core.ApplicationFilterChain.doFilter(ApplicationFilterChain.java:107) ~[tomcat-embed-core-11.0.21.jar:11.0.21]
	at org.springframework.web.filter.CharacterEncodingFilter.doFilterInternal(CharacterEncodingFilter.java:199) ~[spring-web-7.0.7.jar:7.0.7]
	at org.springframework.web.filter.OncePerRequestFilter.doFilter(OncePerRequestFilter.java:116) ~[spring-web-7.0.7.jar:7.0.7]
	at org.apache.catalina.core.ApplicationFilterChain.doFilter(ApplicationFilterChain.java:107) ~[tomcat-embed-core-11.0.21.jar:11.0.21]
	at org.apache.catalina.core.StandardWrapperValve.invoke(StandardWrapperValve.java:165) ~[tomcat-embed-core-11.0.21.jar:11.0.21]
	at org.apache.catalina.core.StandardContextValve.invoke(StandardContextValve.java:77) ~[tomcat-embed-core-11.0.21.jar:11.0.21]
	at org.apache.catalina.authenticator.AuthenticatorBase.invoke(AuthenticatorBase.java:492) ~[tomcat-embed-core-11.0.21.jar:11.0.21]
	at org.apache.catalina.core.StandardHostValve.invoke(StandardHostValve.java:113) ~[tomcat-embed-core-11.0.21.jar:11.0.21]
	at org.apache.catalina.valves.ErrorReportValve.invoke(ErrorReportValve.java:83) ~[tomcat-embed-core-11.0.21.jar:11.0.21]
	at org.apache.catalina.core.StandardEngineValve.invoke(StandardEngineValve.java:72) ~[tomcat-embed-core-11.0.21.jar:11.0.21]
	at org.apache.catalina.connector.CoyoteAdapter.service(CoyoteAdapter.java:341) ~[tomcat-embed-core-11.0.21.jar:11.0.21]
	at org.apache.coyote.http11.Http11Processor.service(Http11Processor.java:397) ~[tomcat-embed-core-11.0.21.jar:11.0.21]
	at org.apache.coyote.AbstractProcessorLight.process(AbstractProcessorLight.java:63) ~[tomcat-embed-core-11.0.21.jar:11.0.21]
	at org.apache.coyote.AbstractProtocol$ConnectionHandler.process(AbstractProtocol.java:903) ~[tomcat-embed-core-11.0.21.jar:11.0.21]
	at org.apache.tomcat.util.net.NioEndpoint$SocketProcessor.doRun(NioEndpoint.java:1801) ~[tomcat-embed-core-11.0.21.jar:11.0.21]
	at org.apache.tomcat.util.net.SocketProcessorBase.run(SocketProcessorBase.java:52) ~[tomcat-embed-core-11.0.21.jar:11.0.21]
	at org.apache.tomcat.util.threads.ThreadPoolExecutor.runWorker(ThreadPoolExecutor.java:946) ~[tomcat-embed-core-11.0.21.jar:11.0.21]
	at org.apache.tomcat.util.threads.ThreadPoolExecutor$Worker.run(ThreadPoolExecutor.java:480) ~[tomcat-embed-core-11.0.21.jar:11.0.21]
	at org.apache.tomcat.util.threads.TaskThread$WrappingRunnable.run(TaskThread.java:57) ~[tomcat-embed-core-11.0.21.jar:11.0.21]
	at java.base/java.lang.Thread.run(Thread.java:1474) ~[na:na]

2026-06-03T11:00:33.050+05:30  INFO 16848 --- [File Watcher] rtingClassPathChangeChangedEventListener : Restarting due to 2 class path changes (0 additions, 0 deletions, 2 modifications)
2026-06-03T11:00:33.052+05:30  INFO 16848 --- [Thread-5] o.s.boot.tomcat.GracefulShutdown         : Commencing graceful shutdown. Waiting for active requests to complete
2026-06-03T11:00:33.055+05:30  INFO 16848 --- [tomcat-shutdown] o.s.boot.tomcat.GracefulShutdown         : Graceful shutdown complete
2026-06-03T11:00:33.059+05:30  INFO 16848 --- [Thread-5] j.LocalContainerEntityManagerFactoryBean : Closing JPA EntityManagerFactory for persistence unit 'default'
2026-06-03T11:00:33.060+05:30  INFO 16848 --- [Thread-5] com.zaxxer.hikari.HikariDataSource       : HikariPool-2 - Shutdown initiated...
2026-06-03T11:00:33.065+05:30  INFO 16848 --- [Thread-5] com.zaxxer.hikari.HikariDataSource       : HikariPool-2 - Shutdown completed.
2026-06-03T11:00:33.158+05:30  INFO 16848 --- [restartedMain] c.msedcl.main.transaction.Application    : Starting Application using Java 25.0.1 with PID 16848 (C:\Training\Spring Boot Microservices\03_TransactionService\target\classes started by student5 in C:\Training\Spring Boot Microservices\03_TransactionService)
2026-06-03T11:00:33.158+05:30  INFO 16848 --- [restartedMain] c.msedcl.main.transaction.Application    : No active profile set, falling back to 1 default profile: "default"
2026-06-03T11:00:33.323+05:30  INFO 16848 --- [restartedMain] .s.d.r.c.RepositoryConfigurationDelegate : Bootstrapping Spring Data JPA repositories in DEFAULT mode.
2026-06-03T11:00:33.337+05:30  INFO 16848 --- [restartedMain] .s.d.r.c.RepositoryConfigurationDelegate : Finished Spring Data repository scanning in 11 ms. Found 1 JPA repository interface.
2026-06-03T11:00:33.425+05:30  INFO 16848 --- [restartedMain] o.s.boot.tomcat.TomcatWebServer          : Tomcat initialized with port 8282 (http)
2026-06-03T11:00:33.426+05:30  INFO 16848 --- [restartedMain] o.apache.catalina.core.StandardService   : Starting service [Tomcat]
2026-06-03T11:00:33.426+05:30  INFO 16848 --- [restartedMain] o.apache.catalina.core.StandardEngine    : Starting Servlet engine: [Apache Tomcat/11.0.21]
2026-06-03T11:00:33.447+05:30  INFO 16848 --- [restartedMain] b.w.c.s.WebApplicationContextInitializer : Root WebApplicationContext: initialization completed in 286 ms
2026-06-03T11:00:33.478+05:30  INFO 16848 --- [restartedMain] com.zaxxer.hikari.HikariDataSource       : HikariPool-3 - Starting...
2026-06-03T11:00:33.499+05:30  INFO 16848 --- [restartedMain] com.zaxxer.hikari.pool.HikariPool        : HikariPool-3 - Added connection com.mysql.cj.jdbc.ConnectionImpl@5b943cf8
2026-06-03T11:00:33.500+05:30  INFO 16848 --- [restartedMain] com.zaxxer.hikari.HikariDataSource       : HikariPool-3 - Start completed.
2026-06-03T11:00:33.501+05:30  INFO 16848 --- [restartedMain] org.hibernate.orm.jpa                    : HHH008540: Processing PersistenceUnitInfo [name: default]
2026-06-03T11:00:33.590+05:30  INFO 16848 --- [restartedMain] o.s.o.j.p.SpringPersistenceUnitInfo      : No LoadTimeWeaver setup: ignoring JPA class transformer
2026-06-03T11:00:33.599+05:30  INFO 16848 --- [restartedMain] org.hibernate.orm.connections.pooling    : HHH10001005: Database info:
	Database JDBC URL [jdbc:mysql://localhost:3306/transaction_db]
	Database driver: MySQL Connector/J
	Database dialect: MySQLDialect
	Database version: 8.0.45
	Default catalog/schema: transaction_db/undefined
	Autocommit mode: undefined/unknown
	Isolation level: REPEATABLE_READ [default REPEATABLE_READ]
	JDBC fetch size: none
	Pool: DataSourceConnectionProvider
	Minimum pool size: undefined/unknown
	Maximum pool size: undefined/unknown
2026-06-03T11:00:33.689+05:30  INFO 16848 --- [restartedMain] org.hibernate.orm.core                   : HHH000489: No JTA platform available (set 'hibernate.transaction.jta.platform' to enable JTA platform integration)
2026-06-03T11:00:33.699+05:30  INFO 16848 --- [restartedMain] j.LocalContainerEntityManagerFactoryBean : Initialized JPA EntityManagerFactory for persistence unit 'default'
2026-06-03T11:00:33.803+05:30  WARN 16848 --- [restartedMain] JpaBaseConfiguration$JpaWebConfiguration : spring.jpa.open-in-view is enabled by default. Therefore, database queries may be performed during view rendering. Explicitly configure spring.jpa.open-in-view to disable this warning
2026-06-03T11:00:33.903+05:30  INFO 16848 --- [restartedMain] o.s.boot.tomcat.TomcatWebServer          : Tomcat started on port 8282 (http) with context path '/'
2026-06-03T11:00:33.905+05:30  INFO 16848 --- [restartedMain] c.msedcl.main.transaction.Application    : Started Application in 0.774 seconds (process running for 315.082)
2026-06-03T11:00:33.908+05:30  INFO 16848 --- [restartedMain] .ConditionEvaluationDeltaLoggingListener : Condition evaluation unchanged
2026-06-03T11:00:40.449+05:30  INFO 16848 --- [http-nio-8282-exec-2] o.a.c.c.C.[Tomcat].[localhost].[/]       : Initializing Spring DispatcherServlet 'dispatcherServlet'
2026-06-03T11:00:40.449+05:30  INFO 16848 --- [http-nio-8282-exec-2] o.s.web.servlet.DispatcherServlet        : Initializing Servlet 'dispatcherServlet'
2026-06-03T11:00:40.450+05:30  INFO 16848 --- [http-nio-8282-exec-2] o.s.web.servlet.DispatcherServlet        : Completed initialization in 1 ms
2026-06-03T11:00:40.467+05:30  INFO 16848 --- [http-nio-8282-exec-2] c.m.m.t.c.TransactionController          : Request Received To Deposit Money
2026-06-03T11:00:40.469+05:30  INFO 16848 --- [http-nio-8282-exec-2] c.m.m.t.c.TransactionController          : TransactionRequestDTO(accountId=1, amount=5000.0)
2026-06-03T11:00:42.752+05:30 ERROR 16848 --- [http-nio-8282-exec-2] o.a.c.c.C.[.[.[/].[dispatcherServlet]    : Servlet.service() for servlet [dispatcherServlet] in context with path [] threw exception [Request processing failed: org.springframework.web.client.ResourceAccessException: I/O error on PUT request for "http://account/accountsapi/accounts/account/balance": account] with root cause

java.net.UnknownHostException: account
	at java.base/sun.nio.ch.NioSocketImpl.connect(NioSocketImpl.java:569) ~[na:na]
	at java.base/java.net.Socket.connect(Socket.java:659) ~[na:na]
	at java.base/java.net.Socket.connect(Socket.java:597) ~[na:na]
	at java.base/sun.net.NetworkClient.doConnect(NetworkClient.java:166) ~[na:na]
	at java.base/sun.net.www.http.HttpClient.openServer(HttpClient.java:516) ~[na:na]
	at java.base/sun.net.www.http.HttpClient.openServer(HttpClient.java:604) ~[na:na]
	at java.base/sun.net.www.http.HttpClient.<init>(HttpClient.java:276) ~[na:na]
	at java.base/sun.net.www.http.HttpClient.New(HttpClient.java:380) ~[na:na]
	at java.base/sun.net.www.http.HttpClient.New(HttpClient.java:393) ~[na:na]
	at java.base/sun.net.www.protocol.http.HttpURLConnection.getNewHttpClient(HttpURLConnection.java:1030) ~[na:na]
	at java.base/sun.net.www.protocol.http.HttpURLConnection.plainConnect0(HttpURLConnection.java:963) ~[na:na]
	at java.base/sun.net.www.protocol.http.HttpURLConnection.plainConnect(HttpURLConnection.java:899) ~[na:na]
	at java.base/sun.net.www.protocol.http.HttpURLConnection.connect(HttpURLConnection.java:872) ~[na:na]
	at org.springframework.http.client.SimpleClientHttpRequest.executeInternal(SimpleClientHttpRequest.java:80) ~[spring-web-7.0.7.jar:7.0.7]
	at org.springframework.http.client.AbstractStreamingClientHttpRequest.executeInternal(AbstractStreamingClientHttpRequest.java:87) ~[spring-web-7.0.7.jar:7.0.7]
	at org.springframework.http.client.AbstractClientHttpRequest.execute(AbstractClientHttpRequest.java:80) ~[spring-web-7.0.7.jar:7.0.7]
	at org.springframework.web.client.RestTemplate.doExecute(RestTemplate.java:754) ~[spring-web-7.0.7.jar:7.0.7]
	at org.springframework.web.client.RestTemplate.execute(RestTemplate.java:677) ~[spring-web-7.0.7.jar:7.0.7]
	at org.springframework.web.client.RestTemplate.exchange(RestTemplate.java:590) ~[spring-web-7.0.7.jar:7.0.7]
	at com.msedcl.main.transaction.client.AccountServiceClient.updateBalance(AccountServiceClient.java:64) ~[classes/:na]
	at com.msedcl.main.transaction.service.TransactionServiceImpl.deposit(TransactionServiceImpl.java:37) ~[classes/:na]
	at com.msedcl.main.transaction.controller.TransactionController.depositMoney(TransactionController.java:45) ~[classes/:na]
	at java.base/jdk.internal.reflect.DirectMethodHandleAccessor.invoke(DirectMethodHandleAccessor.java:104) ~[na:na]
	at java.base/java.lang.reflect.Method.invoke(Method.java:565) ~[na:na]
	at org.springframework.web.method.support.InvocableHandlerMethod.doInvoke(InvocableHandlerMethod.java:252) ~[spring-web-7.0.7.jar:7.0.7]
	at org.springframework.web.method.support.InvocableHandlerMethod.invokeForRequest(InvocableHandlerMethod.java:184) ~[spring-web-7.0.7.jar:7.0.7]
	at org.springframework.web.servlet.mvc.method.annotation.ServletInvocableHandlerMethod.invokeAndHandle(ServletInvocableHandlerMethod.java:117) ~[spring-webmvc-7.0.7.jar:7.0.7]
	at org.springframework.web.servlet.mvc.method.annotation.RequestMappingHandlerAdapter.invokeHandlerMethod(RequestMappingHandlerAdapter.java:934) ~[spring-webmvc-7.0.7.jar:7.0.7]
	at org.springframework.web.servlet.mvc.method.annotation.RequestMappingHandlerAdapter.handleInternal(RequestMappingHandlerAdapter.java:853) ~[spring-webmvc-7.0.7.jar:7.0.7]
	at org.springframework.web.servlet.mvc.method.AbstractHandlerMethodAdapter.handle(AbstractHandlerMethodAdapter.java:86) ~[spring-webmvc-7.0.7.jar:7.0.7]
	at org.springframework.web.servlet.DispatcherServlet.doDispatch(DispatcherServlet.java:963) ~[spring-webmvc-7.0.7.jar:7.0.7]
	at org.springframework.web.servlet.DispatcherServlet.doService(DispatcherServlet.java:866) ~[spring-webmvc-7.0.7.jar:7.0.7]
	at org.springframework.web.servlet.FrameworkServlet.processRequest(FrameworkServlet.java:1000) ~[spring-webmvc-7.0.7.jar:7.0.7]
	at org.springframework.web.servlet.FrameworkServlet.doPost(FrameworkServlet.java:903) ~[spring-webmvc-7.0.7.jar:7.0.7]
	at jakarta.servlet.http.HttpServlet.service(HttpServlet.java:649) ~[tomcat-embed-core-11.0.21.jar:6.1]
	at org.springframework.web.servlet.FrameworkServlet.service(FrameworkServlet.java:874) ~[spring-webmvc-7.0.7.jar:7.0.7]
	at jakarta.servlet.http.HttpServlet.service(HttpServlet.java:710) ~[tomcat-embed-core-11.0.21.jar:6.1]
	at org.apache.catalina.core.ApplicationFilterChain.doFilter(ApplicationFilterChain.java:128) ~[tomcat-embed-core-11.0.21.jar:11.0.21]
	at org.apache.tomcat.websocket.server.WsFilter.doFilter(WsFilter.java:53) ~[tomcat-embed-websocket-11.0.21.jar:11.0.21]
	at org.apache.catalina.core.ApplicationFilterChain.doFilter(ApplicationFilterChain.java:107) ~[tomcat-embed-core-11.0.21.jar:11.0.21]
	at org.springframework.web.filter.RequestContextFilter.doFilterInternal(RequestContextFilter.java:100) ~[spring-web-7.0.7.jar:7.0.7]
	at org.springframework.web.filter.OncePerRequestFilter.doFilter(OncePerRequestFilter.java:116) ~[spring-web-7.0.7.jar:7.0.7]
	at org.apache.catalina.core.ApplicationFilterChain.doFilter(ApplicationFilterChain.java:107) ~[tomcat-embed-core-11.0.21.jar:11.0.21]
	at org.springframework.web.filter.FormContentFilter.doFilterInternal(FormContentFilter.java:93) ~[spring-web-7.0.7.jar:7.0.7]
	at org.springframework.web.filter.OncePerRequestFilter.doFilter(OncePerRequestFilter.java:116) ~[spring-web-7.0.7.jar:7.0.7]
	at org.apache.catalina.core.ApplicationFilterChain.doFilter(ApplicationFilterChain.java:107) ~[tomcat-embed-core-11.0.21.jar:11.0.21]
	at org.springframework.web.filter.CharacterEncodingFilter.doFilterInternal(CharacterEncodingFilter.java:199) ~[spring-web-7.0.7.jar:7.0.7]
	at org.springframework.web.filter.OncePerRequestFilter.doFilter(OncePerRequestFilter.java:116) ~[spring-web-7.0.7.jar:7.0.7]
	at org.apache.catalina.core.ApplicationFilterChain.doFilter(ApplicationFilterChain.java:107) ~[tomcat-embed-core-11.0.21.jar:11.0.21]
	at org.apache.catalina.core.StandardWrapperValve.invoke(StandardWrapperValve.java:165) ~[tomcat-embed-core-11.0.21.jar:11.0.21]
	at org.apache.catalina.core.StandardContextValve.invoke(StandardContextValve.java:77) ~[tomcat-embed-core-11.0.21.jar:11.0.21]
	at org.apache.catalina.authenticator.AuthenticatorBase.invoke(AuthenticatorBase.java:492) ~[tomcat-embed-core-11.0.21.jar:11.0.21]
	at org.apache.catalina.core.StandardHostValve.invoke(StandardHostValve.java:113) ~[tomcat-embed-core-11.0.21.jar:11.0.21]
	at org.apache.catalina.valves.ErrorReportValve.invoke(ErrorReportValve.java:83) ~[tomcat-embed-core-11.0.21.jar:11.0.21]
	at org.apache.catalina.core.StandardEngineValve.invoke(StandardEngineValve.java:72) ~[tomcat-embed-core-11.0.21.jar:11.0.21]
	at org.apache.catalina.connector.CoyoteAdapter.service(CoyoteAdapter.java:341) ~[tomcat-embed-core-11.0.21.jar:11.0.21]
	at org.apache.coyote.http11.Http11Processor.service(Http11Processor.java:397) ~[tomcat-embed-core-11.0.21.jar:11.0.21]
	at org.apache.coyote.AbstractProcessorLight.process(AbstractProcessorLight.java:63) ~[tomcat-embed-core-11.0.21.jar:11.0.21]
	at org.apache.coyote.AbstractProtocol$ConnectionHandler.process(AbstractProtocol.java:903) ~[tomcat-embed-core-11.0.21.jar:11.0.21]
	at org.apache.tomcat.util.net.NioEndpoint$SocketProcessor.doRun(NioEndpoint.java:1801) ~[tomcat-embed-core-11.0.21.jar:11.0.21]
	at org.apache.tomcat.util.net.SocketProcessorBase.run(SocketProcessorBase.java:52) ~[tomcat-embed-core-11.0.21.jar:11.0.21]
	at org.apache.tomcat.util.threads.ThreadPoolExecutor.runWorker(ThreadPoolExecutor.java:946) ~[tomcat-embed-core-11.0.21.jar:11.0.21]
	at org.apache.tomcat.util.threads.ThreadPoolExecutor$Worker.run(ThreadPoolExecutor.java:480) ~[tomcat-embed-core-11.0.21.jar:11.0.21]
	at org.apache.tomcat.util.threads.TaskThread$WrappingRunnable.run(TaskThread.java:57) ~[tomcat-embed-core-11.0.21.jar:11.0.21]
	at java.base/java.lang.Thread.run(Thread.java:1474) ~[na:na]

2026-06-03T11:03:06.572+05:30  INFO 16848 --- [File Watcher] rtingClassPathChangeChangedEventListener : Restarting due to 1 class path change (0 additions, 0 deletions, 1 modification)
2026-06-03T11:03:06.574+05:30  INFO 16848 --- [Thread-9] o.s.boot.tomcat.GracefulShutdown         : Commencing graceful shutdown. Waiting for active requests to complete
2026-06-03T11:03:06.576+05:30  INFO 16848 --- [tomcat-shutdown] o.s.boot.tomcat.GracefulShutdown         : Graceful shutdown complete
2026-06-03T11:03:06.579+05:30  INFO 16848 --- [Thread-9] j.LocalContainerEntityManagerFactoryBean : Closing JPA EntityManagerFactory for persistence unit 'default'
2026-06-03T11:03:06.580+05:30  INFO 16848 --- [Thread-9] com.zaxxer.hikari.HikariDataSource       : HikariPool-3 - Shutdown initiated...
2026-06-03T11:03:06.584+05:30  INFO 16848 --- [Thread-9] com.zaxxer.hikari.HikariDataSource       : HikariPool-3 - Shutdown completed.
2026-06-03T11:03:06.669+05:30  INFO 16848 --- [restartedMain] c.msedcl.main.transaction.Application    : Starting Application using Java 25.0.1 with PID 16848 (C:\Training\Spring Boot Microservices\03_TransactionService\target\classes started by student5 in C:\Training\Spring Boot Microservices\03_TransactionService)
2026-06-03T11:03:06.669+05:30  INFO 16848 --- [restartedMain] c.msedcl.main.transaction.Application    : No active profile set, falling back to 1 default profile: "default"
2026-06-03T11:03:06.830+05:30  INFO 16848 --- [restartedMain] .s.d.r.c.RepositoryConfigurationDelegate : Bootstrapping Spring Data JPA repositories in DEFAULT mode.
2026-06-03T11:03:06.844+05:30  INFO 16848 --- [restartedMain] .s.d.r.c.RepositoryConfigurationDelegate : Finished Spring Data repository scanning in 11 ms. Found 1 JPA repository interface.
2026-06-03T11:03:06.917+05:30  INFO 16848 --- [restartedMain] o.s.boot.tomcat.TomcatWebServer          : Tomcat initialized with port 8282 (http)
2026-06-03T11:03:06.918+05:30  INFO 16848 --- [restartedMain] o.apache.catalina.core.StandardService   : Starting service [Tomcat]
2026-06-03T11:03:06.919+05:30  INFO 16848 --- [restartedMain] o.apache.catalina.core.StandardEngine    : Starting Servlet engine: [Apache Tomcat/11.0.21]
2026-06-03T11:03:06.939+05:30  INFO 16848 --- [restartedMain] b.w.c.s.WebApplicationContextInitializer : Root WebApplicationContext: initialization completed in 267 ms
2026-06-03T11:03:06.968+05:30  INFO 16848 --- [restartedMain] com.zaxxer.hikari.HikariDataSource       : HikariPool-4 - Starting...
2026-06-03T11:03:06.986+05:30  INFO 16848 --- [restartedMain] com.zaxxer.hikari.pool.HikariPool        : HikariPool-4 - Added connection com.mysql.cj.jdbc.ConnectionImpl@72141576
2026-06-03T11:03:06.986+05:30  INFO 16848 --- [restartedMain] com.zaxxer.hikari.HikariDataSource       : HikariPool-4 - Start completed.
2026-06-03T11:03:06.988+05:30  INFO 16848 --- [restartedMain] org.hibernate.orm.jpa                    : HHH008540: Processing PersistenceUnitInfo [name: default]
2026-06-03T11:03:07.021+05:30  INFO 16848 --- [restartedMain] o.s.o.j.p.SpringPersistenceUnitInfo      : No LoadTimeWeaver setup: ignoring JPA class transformer
2026-06-03T11:03:07.025+05:30  INFO 16848 --- [restartedMain] org.hibernate.orm.connections.pooling    : HHH10001005: Database info:
	Database JDBC URL [jdbc:mysql://localhost:3306/transaction_db]
	Database driver: MySQL Connector/J
	Database dialect: MySQLDialect
	Database version: 8.0.45
	Default catalog/schema: transaction_db/undefined
	Autocommit mode: undefined/unknown
	Isolation level: REPEATABLE_READ [default REPEATABLE_READ]
	JDBC fetch size: none
	Pool: DataSourceConnectionProvider
	Minimum pool size: undefined/unknown
	Maximum pool size: undefined/unknown
2026-06-03T11:03:07.074+05:30  INFO 16848 --- [restartedMain] org.hibernate.orm.core                   : HHH000489: No JTA platform available (set 'hibernate.transaction.jta.platform' to enable JTA platform integration)
2026-06-03T11:03:07.075+05:30  INFO 16848 --- [restartedMain] j.LocalContainerEntityManagerFactoryBean : Initialized JPA EntityManagerFactory for persistence unit 'default'
2026-06-03T11:03:07.155+05:30  WARN 16848 --- [restartedMain] JpaBaseConfiguration$JpaWebConfiguration : spring.jpa.open-in-view is enabled by default. Therefore, database queries may be performed during view rendering. Explicitly configure spring.jpa.open-in-view to disable this warning
2026-06-03T11:03:07.244+05:30  INFO 16848 --- [restartedMain] o.s.boot.tomcat.TomcatWebServer          : Tomcat started on port 8282 (http) with context path '/'
2026-06-03T11:03:07.249+05:30  INFO 16848 --- [restartedMain] c.msedcl.main.transaction.Application    : Started Application in 0.607 seconds (process running for 468.425)
2026-06-03T11:03:07.253+05:30  INFO 16848 --- [restartedMain] .ConditionEvaluationDeltaLoggingListener : Condition evaluation unchanged
2026-06-03T11:03:54.008+05:30  INFO 16848 --- [File Watcher] rtingClassPathChangeChangedEventListener : Restarting due to 3 class path changes (0 additions, 0 deletions, 3 modifications)
2026-06-03T11:03:54.010+05:30  INFO 16848 --- [Thread-13] o.s.boot.tomcat.GracefulShutdown         : Commencing graceful shutdown. Waiting for active requests to complete
2026-06-03T11:03:54.013+05:30  INFO 16848 --- [tomcat-shutdown] o.s.boot.tomcat.GracefulShutdown         : Graceful shutdown complete
2026-06-03T11:03:54.015+05:30  INFO 16848 --- [Thread-13] j.LocalContainerEntityManagerFactoryBean : Closing JPA EntityManagerFactory for persistence unit 'default'
2026-06-03T11:03:54.016+05:30  INFO 16848 --- [Thread-13] com.zaxxer.hikari.HikariDataSource       : HikariPool-4 - Shutdown initiated...
2026-06-03T11:03:54.020+05:30  INFO 16848 --- [Thread-13] com.zaxxer.hikari.HikariDataSource       : HikariPool-4 - Shutdown completed.
2026-06-03T11:03:54.100+05:30  INFO 16848 --- [restartedMain] c.msedcl.main.transaction.Application    : Starting Application using Java 25.0.1 with PID 16848 (C:\Training\Spring Boot Microservices\03_TransactionService\target\classes started by student5 in C:\Training\Spring Boot Microservices\03_TransactionService)
2026-06-03T11:03:54.101+05:30  INFO 16848 --- [restartedMain] c.msedcl.main.transaction.Application    : No active profile set, falling back to 1 default profile: "default"
2026-06-03T11:03:54.251+05:30  INFO 16848 --- [restartedMain] .s.d.r.c.RepositoryConfigurationDelegate : Bootstrapping Spring Data JPA repositories in DEFAULT mode.
2026-06-03T11:03:54.263+05:30  INFO 16848 --- [restartedMain] .s.d.r.c.RepositoryConfigurationDelegate : Finished Spring Data repository scanning in 10 ms. Found 1 JPA repository interface.
2026-06-03T11:03:54.338+05:30  INFO 16848 --- [restartedMain] o.s.boot.tomcat.TomcatWebServer          : Tomcat initialized with port 8282 (http)
2026-06-03T11:03:54.339+05:30  INFO 16848 --- [restartedMain] o.apache.catalina.core.StandardService   : Starting service [Tomcat]
2026-06-03T11:03:54.339+05:30  INFO 16848 --- [restartedMain] o.apache.catalina.core.StandardEngine    : Starting Servlet engine: [Apache Tomcat/11.0.21]
2026-06-03T11:03:54.359+05:30  INFO 16848 --- [restartedMain] b.w.c.s.WebApplicationContextInitializer : Root WebApplicationContext: initialization completed in 256 ms
2026-06-03T11:03:54.387+05:30  INFO 16848 --- [restartedMain] com.zaxxer.hikari.HikariDataSource       : HikariPool-5 - Starting...
2026-06-03T11:03:54.406+05:30  INFO 16848 --- [restartedMain] com.zaxxer.hikari.pool.HikariPool        : HikariPool-5 - Added connection com.mysql.cj.jdbc.ConnectionImpl@572b523b
2026-06-03T11:03:54.406+05:30  INFO 16848 --- [restartedMain] com.zaxxer.hikari.HikariDataSource       : HikariPool-5 - Start completed.
2026-06-03T11:03:54.408+05:30  INFO 16848 --- [restartedMain] org.hibernate.orm.jpa                    : HHH008540: Processing PersistenceUnitInfo [name: default]
2026-06-03T11:03:54.442+05:30  INFO 16848 --- [restartedMain] o.s.o.j.p.SpringPersistenceUnitInfo      : No LoadTimeWeaver setup: ignoring JPA class transformer
2026-06-03T11:03:54.445+05:30  INFO 16848 --- [restartedMain] org.hibernate.orm.connections.pooling    : HHH10001005: Database info:
	Database JDBC URL [jdbc:mysql://localhost:3306/transaction_db]
	Database driver: MySQL Connector/J
	Database dialect: MySQLDialect
	Database version: 8.0.45
	Default catalog/schema: transaction_db/undefined
	Autocommit mode: undefined/unknown
	Isolation level: REPEATABLE_READ [default REPEATABLE_READ]
	JDBC fetch size: none
	Pool: DataSourceConnectionProvider
	Minimum pool size: undefined/unknown
	Maximum pool size: undefined/unknown
2026-06-03T11:03:54.493+05:30  INFO 16848 --- [restartedMain] org.hibernate.orm.core                   : HHH000489: No JTA platform available (set 'hibernate.transaction.jta.platform' to enable JTA platform integration)
2026-06-03T11:03:54.494+05:30  INFO 16848 --- [restartedMain] j.LocalContainerEntityManagerFactoryBean : Initialized JPA EntityManagerFactory for persistence unit 'default'
2026-06-03T11:03:54.587+05:30  WARN 16848 --- [restartedMain] JpaBaseConfiguration$JpaWebConfiguration : spring.jpa.open-in-view is enabled by default. Therefore, database queries may be performed during view rendering. Explicitly configure spring.jpa.open-in-view to disable this warning
2026-06-03T11:03:54.689+05:30  INFO 16848 --- [restartedMain] o.s.boot.tomcat.TomcatWebServer          : Tomcat started on port 8282 (http) with context path '/'
2026-06-03T11:03:54.692+05:30  INFO 16848 --- [restartedMain] c.msedcl.main.transaction.Application    : Started Application in 0.616 seconds (process running for 515.868)
2026-06-03T11:03:54.694+05:30  INFO 16848 --- [restartedMain] .ConditionEvaluationDeltaLoggingListener : Condition evaluation unchanged
2026-06-03T11:03:57.611+05:30  INFO 16848 --- [http-nio-8282-exec-2] o.a.c.c.C.[Tomcat].[localhost].[/]       : Initializing Spring DispatcherServlet 'dispatcherServlet'
2026-06-03T11:03:57.611+05:30  INFO 16848 --- [http-nio-8282-exec-2] o.s.web.servlet.DispatcherServlet        : Initializing Servlet 'dispatcherServlet'
2026-06-03T11:03:57.613+05:30  INFO 16848 --- [http-nio-8282-exec-2] o.s.web.servlet.DispatcherServlet        : Completed initialization in 2 ms
2026-06-03T11:03:57.623+05:30  INFO 16848 --- [http-nio-8282-exec-2] c.m.m.t.c.TransactionController          : Request Received To Deposit Money
2026-06-03T11:03:57.625+05:30  INFO 16848 --- [http-nio-8282-exec-2] c.m.m.t.c.TransactionController          : TransactionRequestDTO(accountId=1, amount=5000.0)
2026-06-03T11:03:58.424+05:30  INFO 16848 --- [http-nio-8282-exec-2] c.m.m.t.service.TransactionServiceImpl   : Balance updated for :: accountId1
2026-06-03T11:03:58.560+05:30  INFO 16848 --- [http-nio-8282-exec-2] c.m.m.t.service.TransactionServiceImpl   : Transaction details saved into table with transactionId :: 1
2026-06-03T11:03:58.593+05:30 ERROR 16848 --- [http-nio-8282-exec-2] c.m.m.t.client.AccountServiceClient      : Account service internal error: 500  on GET request for "http://localhost:8181/accountsapi/accounts/account/1": "{"timestamp":"2026-06-03T05:33:58.580Z","status":500,"error":"Internal Server Error","trace":"java.lang.IllegalArgumentException: Name for argument of type [int] not specified, and parameter name information not available via reflection. Ensure that the compiler uses the '-parameters' flag.\r\n\tat org.springframework.web.method.annotation.AbstractNamedValueMethodArgumentResolver.updateNamedValueInfo(AbstractNamedValueMethodArgumentResolver.java:184)\r\n\tat org.springframework.web.method.annotation.AbstractNamedValueMethodArgumentResolver.getNamedValueInfo(AbstractNamedValueMethodArgumentResolver.java:159)\r\n\tat org.springframework.web.method.annotation.AbstractNamedValueMethodArgumentResolver.resolveArgument(AbstractNamedValueMethodArgumentResolver.java:106)\r\n\tat org.springframework.web.method.support.HandlerMethodArgumentResolverComposite.resolveArgument(HandlerMethodArgumentResolverComposite.java:122)\r\n\tat org.springframework.web.method.support.InvocableHandlerMethod.getMethodArgumentValues(InvocableHandlerMethod.java:224)\r\n\tat org.springframework.web.method.support.InvocableHandlerMethod.invokeForRequest(InvocableHandlerMethod.java:174)\r\n\tat org.springframework.web.servlet.mvc.method.annotation.ServletInvocableHandlerMethod.invokeAndHandle(ServletInvocableHandlerMethod.java:117)\r\n\tat org.springframework.web.servlet.mvc.method.annotation.RequestMappingHandlerAdapter.invokeHandlerMethod(RequestMappingHandlerAdapter.java:934)\r\n\tat org.springframework.web.servlet.mvc.method.annotation.RequestMappingHandlerAdapter.handleInternal(RequestMappingHandlerAdapter.java:853)\r\n\tat org.springframework.web.servlet.mvc.method.AbstractHandlerMethodAdapter.handle(AbstractHandlerMethodAdapter.java:86)\r\n\tat org.springframework.web.servlet.DispatcherServlet.doDispatch(DispatcherServlet.java:963)\r\n\tat org.springframework.web.servlet.DispatcherServlet.doService(DispatcherServlet.java:866)\r\n\tat org.springframework.web.servlet.FrameworkServlet.processRequest(FrameworkServlet.java:1000)\r\n\tat org.springframework.web.servlet.FrameworkServlet.doGet(FrameworkServlet.java:892)\r\n\tat jakarta.servlet.http.HttpServlet.service(HttpServlet.java:622)\r\n\tat org.springframework.web.servlet.FrameworkServlet.service(FrameworkServlet.java:874)\r\n\tat jakarta.servlet.http.HttpServlet.service(HttpServlet.java:710)\r\n\tat org.apache.catalina.core.ApplicationFilterChain.doFilter(ApplicationFilterChain.java:128)\r\n\tat org.apache.tomcat.websocket.server.WsFilter.doFilter(WsFilter.java:53)\r\n\tat org.apache.catalina.core.ApplicationFilterChain.doFilter(ApplicationFilterChain.java:107)\r\n\tat org.springframework.web.filter.RequestContextFilter.doFilterInternal(RequestContextFilter.java:100)\r\n\tat org.springframework.web.filter.OncePerRequestFilter.doFilter(OncePerRequestFilter.java:116)\r\n\tat org.apache.catalina.core.ApplicationFilterChain.doFilter(ApplicationFilterChain.java:107)\r\n\tat org.springframework.web.filter.FormContentFilter.doFilterInternal(FormContentFilter.java:93)\r\n\tat org.springframework.web.filter.OncePerRequestFilter.doFilter(OncePerRequestFilter.java:116)\r\n\tat org.apache.catalina.core.ApplicationFilterChain.doFilter(ApplicationFilterChain.java:107)\r\n\tat org.springframework.web.filter.CharacterEncodingFilter.doFilterInternal(CharacterEncodingFilter.java:199)\r\n\tat org.springframework.web.filter.OncePerRequestFilter.doFilter(OncePerRequestFilter.java:116)\r\n\tat org.apache.catalina.core.ApplicationFilterChain.doFilter(ApplicationFilterChain.java:107)\r\n\tat org.apache.catalina.core.StandardWrapperValve.invoke(StandardWrapperValve.java:165)\r\n\tat org.apache.catalina.core.StandardContextValve.invoke(StandardContextValve.java:77)\r\n\tat org.apache.catalina.authenticator.AuthenticatorBase.invoke(AuthenticatorBase.java:492)\r\n\tat org.apache.catalina.core.StandardHostValve.invoke(StandardHostValve.java:113)\r\n\tat org.apache.catalina.valves.ErrorReportValve.invoke(ErrorReportValve.java:83)\r\n\tat org.apache.catalina.core.StandardEngineValve.invoke(StandardEngineValve.java:72)\r\n\tat org.apache.catalina.connector.CoyoteAdapter.service(CoyoteAdapter.java:341)\r\n\tat org.apache.coyote.http11.Http11Processor.service(Http11Processor.java:397)\r\n\tat org.apache.coyote.AbstractProcessorLight.process(AbstractProcessorLight.java:63)\r\n\tat org.apache.coyote.AbstractProtocol$ConnectionHandler.process(AbstractProtocol.java:903)\r\n\tat org.apache.tomcat.util.net.NioEndpoint$SocketProcessor.doRun(NioEndpoint.java:1801)\r\n\tat org.apache.tomcat.util.net.SocketProcessorBase.run(SocketProcessorBase.java:52)\r\n\tat org.apache.tomcat.util.threads.ThreadPoolExecutor.runWorker(ThreadPoolExecutor.java:946)\r\n\tat org.apache.tomcat.util.threads.ThreadPoolExecutor$Worker.run(ThreadPoolExecutor.java:480)\r\n\tat org.apache.tomcat.util.threads.TaskThread$WrappingRunnable.run(TaskThread.java:57)\r\n\tat java.base/java.lang.Thread.run(Thread.java:1474)\r\n","message":"Name for argument of type [int] not specified, and parameter name information not available via reflection. Ensure that the compiler uses the '-parameters' flag.","path":"/accountsapi/accounts/account/1"}"
2026-06-03T11:03:58.594+05:30 ERROR 16848 --- [http-nio-8282-exec-2] o.a.c.c.C.[.[.[/].[dispatcherServlet]    : Servlet.service() for servlet [dispatcherServlet] in context with path [] threw exception [Request processing failed: java.lang.RuntimeException: Account Service unavailable] with root cause

java.lang.RuntimeException: Account Service unavailable
	at com.msedcl.main.transaction.client.AccountServiceClient.getAccount(AccountServiceClient.java:52) ~[classes/:na]
	at com.msedcl.main.transaction.service.TransactionServiceImpl.deposit(TransactionServiceImpl.java:48) ~[classes/:na]
	at com.msedcl.main.transaction.controller.TransactionController.depositMoney(TransactionController.java:45) ~[classes/:na]
	at java.base/jdk.internal.reflect.DirectMethodHandleAccessor.invoke(DirectMethodHandleAccessor.java:104) ~[na:na]
	at java.base/java.lang.reflect.Method.invoke(Method.java:565) ~[na:na]
	at org.springframework.web.method.support.InvocableHandlerMethod.doInvoke(InvocableHandlerMethod.java:252) ~[spring-web-7.0.7.jar:7.0.7]
	at org.springframework.web.method.support.InvocableHandlerMethod.invokeForRequest(InvocableHandlerMethod.java:184) ~[spring-web-7.0.7.jar:7.0.7]
	at org.springframework.web.servlet.mvc.method.annotation.ServletInvocableHandlerMethod.invokeAndHandle(ServletInvocableHandlerMethod.java:117) ~[spring-webmvc-7.0.7.jar:7.0.7]
	at org.springframework.web.servlet.mvc.method.annotation.RequestMappingHandlerAdapter.invokeHandlerMethod(RequestMappingHandlerAdapter.java:934) ~[spring-webmvc-7.0.7.jar:7.0.7]
	at org.springframework.web.servlet.mvc.method.annotation.RequestMappingHandlerAdapter.handleInternal(RequestMappingHandlerAdapter.java:853) ~[spring-webmvc-7.0.7.jar:7.0.7]
	at org.springframework.web.servlet.mvc.method.AbstractHandlerMethodAdapter.handle(AbstractHandlerMethodAdapter.java:86) ~[spring-webmvc-7.0.7.jar:7.0.7]
	at org.springframework.web.servlet.DispatcherServlet.doDispatch(DispatcherServlet.java:963) ~[spring-webmvc-7.0.7.jar:7.0.7]
	at org.springframework.web.servlet.DispatcherServlet.doService(DispatcherServlet.java:866) ~[spring-webmvc-7.0.7.jar:7.0.7]
	at org.springframework.web.servlet.FrameworkServlet.processRequest(FrameworkServlet.java:1000) ~[spring-webmvc-7.0.7.jar:7.0.7]
	at org.springframework.web.servlet.FrameworkServlet.doPost(FrameworkServlet.java:903) ~[spring-webmvc-7.0.7.jar:7.0.7]
	at jakarta.servlet.http.HttpServlet.service(HttpServlet.java:649) ~[tomcat-embed-core-11.0.21.jar:6.1]
	at org.springframework.web.servlet.FrameworkServlet.service(FrameworkServlet.java:874) ~[spring-webmvc-7.0.7.jar:7.0.7]
	at jakarta.servlet.http.HttpServlet.service(HttpServlet.java:710) ~[tomcat-embed-core-11.0.21.jar:6.1]
	at org.apache.catalina.core.ApplicationFilterChain.doFilter(ApplicationFilterChain.java:128) ~[tomcat-embed-core-11.0.21.jar:11.0.21]
	at org.apache.tomcat.websocket.server.WsFilter.doFilter(WsFilter.java:53) ~[tomcat-embed-websocket-11.0.21.jar:11.0.21]
	at org.apache.catalina.core.ApplicationFilterChain.doFilter(ApplicationFilterChain.java:107) ~[tomcat-embed-core-11.0.21.jar:11.0.21]
	at org.springframework.web.filter.RequestContextFilter.doFilterInternal(RequestContextFilter.java:100) ~[spring-web-7.0.7.jar:7.0.7]
	at org.springframework.web.filter.OncePerRequestFilter.doFilter(OncePerRequestFilter.java:116) ~[spring-web-7.0.7.jar:7.0.7]
	at org.apache.catalina.core.ApplicationFilterChain.doFilter(ApplicationFilterChain.java:107) ~[tomcat-embed-core-11.0.21.jar:11.0.21]
	at org.springframework.web.filter.FormContentFilter.doFilterInternal(FormContentFilter.java:93) ~[spring-web-7.0.7.jar:7.0.7]
	at org.springframework.web.filter.OncePerRequestFilter.doFilter(OncePerRequestFilter.java:116) ~[spring-web-7.0.7.jar:7.0.7]
	at org.apache.catalina.core.ApplicationFilterChain.doFilter(ApplicationFilterChain.java:107) ~[tomcat-embed-core-11.0.21.jar:11.0.21]
	at org.springframework.web.filter.CharacterEncodingFilter.doFilterInternal(CharacterEncodingFilter.java:199) ~[spring-web-7.0.7.jar:7.0.7]
	at org.springframework.web.filter.OncePerRequestFilter.doFilter(OncePerRequestFilter.java:116) ~[spring-web-7.0.7.jar:7.0.7]
	at org.apache.catalina.core.ApplicationFilterChain.doFilter(ApplicationFilterChain.java:107) ~[tomcat-embed-core-11.0.21.jar:11.0.21]
	at org.apache.catalina.core.StandardWrapperValve.invoke(StandardWrapperValve.java:165) ~[tomcat-embed-core-11.0.21.jar:11.0.21]
	at org.apache.catalina.core.StandardContextValve.invoke(StandardContextValve.java:77) ~[tomcat-embed-core-11.0.21.jar:11.0.21]
	at org.apache.catalina.authenticator.AuthenticatorBase.invoke(AuthenticatorBase.java:492) ~[tomcat-embed-core-11.0.21.jar:11.0.21]
	at org.apache.catalina.core.StandardHostValve.invoke(StandardHostValve.java:113) ~[tomcat-embed-core-11.0.21.jar:11.0.21]
	at org.apache.catalina.valves.ErrorReportValve.invoke(ErrorReportValve.java:83) ~[tomcat-embed-core-11.0.21.jar:11.0.21]
	at org.apache.catalina.core.StandardEngineValve.invoke(StandardEngineValve.java:72) ~[tomcat-embed-core-11.0.21.jar:11.0.21]
	at org.apache.catalina.connector.CoyoteAdapter.service(CoyoteAdapter.java:341) ~[tomcat-embed-core-11.0.21.jar:11.0.21]
	at org.apache.coyote.http11.Http11Processor.service(Http11Processor.java:397) ~[tomcat-embed-core-11.0.21.jar:11.0.21]
	at org.apache.coyote.AbstractProcessorLight.process(AbstractProcessorLight.java:63) ~[tomcat-embed-core-11.0.21.jar:11.0.21]
	at org.apache.coyote.AbstractProtocol$ConnectionHandler.process(AbstractProtocol.java:903) ~[tomcat-embed-core-11.0.21.jar:11.0.21]
	at org.apache.tomcat.util.net.NioEndpoint$SocketProcessor.doRun(NioEndpoint.java:1801) ~[tomcat-embed-core-11.0.21.jar:11.0.21]
	at org.apache.tomcat.util.net.SocketProcessorBase.run(SocketProcessorBase.java:52) ~[tomcat-embed-core-11.0.21.jar:11.0.21]
	at org.apache.tomcat.util.threads.ThreadPoolExecutor.runWorker(ThreadPoolExecutor.java:946) ~[tomcat-embed-core-11.0.21.jar:11.0.21]
	at org.apache.tomcat.util.threads.ThreadPoolExecutor$Worker.run(ThreadPoolExecutor.java:480) ~[tomcat-embed-core-11.0.21.jar:11.0.21]
	at org.apache.tomcat.util.threads.TaskThread$WrappingRunnable.run(TaskThread.java:57) ~[tomcat-embed-core-11.0.21.jar:11.0.21]
	at java.base/java.lang.Thread.run(Thread.java:1474) ~[na:na]

2026-06-03T11:04:24.318+05:30  INFO 16848 --- [File Watcher] rtingClassPathChangeChangedEventListener : Restarting due to 6 class path changes (0 additions, 1 deletion, 5 modifications)
2026-06-03T11:04:24.320+05:30  INFO 16848 --- [Thread-17] o.s.boot.tomcat.GracefulShutdown         : Commencing graceful shutdown. Waiting for active requests to complete
2026-06-03T11:04:24.322+05:30  INFO 16848 --- [tomcat-shutdown] o.s.boot.tomcat.GracefulShutdown         : Graceful shutdown complete
2026-06-03T11:04:24.325+05:30  INFO 16848 --- [Thread-17] j.LocalContainerEntityManagerFactoryBean : Closing JPA EntityManagerFactory for persistence unit 'default'
2026-06-03T11:04:24.325+05:30  INFO 16848 --- [Thread-17] com.zaxxer.hikari.HikariDataSource       : HikariPool-5 - Shutdown initiated...
2026-06-03T11:04:24.329+05:30  INFO 16848 --- [Thread-17] com.zaxxer.hikari.HikariDataSource       : HikariPool-5 - Shutdown completed.
2026-06-03T11:04:24.410+05:30  INFO 16848 --- [restartedMain] c.msedcl.main.transaction.Application    : Starting Application using Java 25.0.1 with PID 16848 (C:\Training\Spring Boot Microservices\03_TransactionService\target\classes started by student5 in C:\Training\Spring Boot Microservices\03_TransactionService)
2026-06-03T11:04:24.411+05:30  INFO 16848 --- [restartedMain] c.msedcl.main.transaction.Application    : No active profile set, falling back to 1 default profile: "default"
2026-06-03T11:04:24.563+05:30  INFO 16848 --- [restartedMain] .s.d.r.c.RepositoryConfigurationDelegate : Bootstrapping Spring Data JPA repositories in DEFAULT mode.
2026-06-03T11:04:24.574+05:30  INFO 16848 --- [restartedMain] .s.d.r.c.RepositoryConfigurationDelegate : Finished Spring Data repository scanning in 10 ms. Found 1 JPA repository interface.
2026-06-03T11:04:24.647+05:30  INFO 16848 --- [restartedMain] o.s.boot.tomcat.TomcatWebServer          : Tomcat initialized with port 8282 (http)
2026-06-03T11:04:24.647+05:30  INFO 16848 --- [restartedMain] o.apache.catalina.core.StandardService   : Starting service [Tomcat]
2026-06-03T11:04:24.648+05:30  INFO 16848 --- [restartedMain] o.apache.catalina.core.StandardEngine    : Starting Servlet engine: [Apache Tomcat/11.0.21]
2026-06-03T11:04:24.666+05:30  INFO 16848 --- [restartedMain] b.w.c.s.WebApplicationContextInitializer : Root WebApplicationContext: initialization completed in 253 ms
2026-06-03T11:04:24.694+05:30  INFO 16848 --- [restartedMain] com.zaxxer.hikari.HikariDataSource       : HikariPool-6 - Starting...
2026-06-03T11:04:24.711+05:30  INFO 16848 --- [restartedMain] com.zaxxer.hikari.pool.HikariPool        : HikariPool-6 - Added connection com.mysql.cj.jdbc.ConnectionImpl@b3f3f3b
2026-06-03T11:04:24.712+05:30  INFO 16848 --- [restartedMain] com.zaxxer.hikari.HikariDataSource       : HikariPool-6 - Start completed.
2026-06-03T11:04:24.713+05:30  INFO 16848 --- [restartedMain] org.hibernate.orm.jpa                    : HHH008540: Processing PersistenceUnitInfo [name: default]
2026-06-03T11:04:24.746+05:30  INFO 16848 --- [restartedMain] o.s.o.j.p.SpringPersistenceUnitInfo      : No LoadTimeWeaver setup: ignoring JPA class transformer
2026-06-03T11:04:24.749+05:30  INFO 16848 --- [restartedMain] org.hibernate.orm.connections.pooling    : HHH10001005: Database info:
	Database JDBC URL [jdbc:mysql://localhost:3306/transaction_db]
	Database driver: MySQL Connector/J
	Database dialect: MySQLDialect
	Database version: 8.0.45
	Default catalog/schema: transaction_db/undefined
	Autocommit mode: undefined/unknown
	Isolation level: REPEATABLE_READ [default REPEATABLE_READ]
	JDBC fetch size: none
	Pool: DataSourceConnectionProvider
	Minimum pool size: undefined/unknown
	Maximum pool size: undefined/unknown
2026-06-03T11:04:24.792+05:30  INFO 16848 --- [restartedMain] org.hibernate.orm.core                   : HHH000489: No JTA platform available (set 'hibernate.transaction.jta.platform' to enable JTA platform integration)
2026-06-03T11:04:24.793+05:30  INFO 16848 --- [restartedMain] j.LocalContainerEntityManagerFactoryBean : Initialized JPA EntityManagerFactory for persistence unit 'default'
2026-06-03T11:04:24.860+05:30  WARN 16848 --- [restartedMain] JpaBaseConfiguration$JpaWebConfiguration : spring.jpa.open-in-view is enabled by default. Therefore, database queries may be performed during view rendering. Explicitly configure spring.jpa.open-in-view to disable this warning
2026-06-03T11:04:24.964+05:30  INFO 16848 --- [restartedMain] o.s.boot.tomcat.TomcatWebServer          : Tomcat started on port 8282 (http) with context path '/'
2026-06-03T11:04:24.977+05:30  INFO 16848 --- [restartedMain] c.msedcl.main.transaction.Application    : Started Application in 0.591 seconds (process running for 546.153)
2026-06-03T11:04:24.978+05:30  INFO 16848 --- [restartedMain] .ConditionEvaluationDeltaLoggingListener : Condition evaluation unchanged
2026-06-03T11:14:41.325+05:30  INFO 16848 --- [File Watcher] rtingClassPathChangeChangedEventListener : Restarting due to 3 class path changes (1 addition, 0 deletions, 2 modifications)
2026-06-03T11:14:41.327+05:30  INFO 16848 --- [Thread-21] o.s.boot.tomcat.GracefulShutdown         : Commencing graceful shutdown. Waiting for active requests to complete
2026-06-03T11:14:41.330+05:30  INFO 16848 --- [tomcat-shutdown] o.s.boot.tomcat.GracefulShutdown         : Graceful shutdown complete
2026-06-03T11:14:41.332+05:30  INFO 16848 --- [Thread-21] j.LocalContainerEntityManagerFactoryBean : Closing JPA EntityManagerFactory for persistence unit 'default'
2026-06-03T11:14:41.333+05:30  INFO 16848 --- [Thread-21] com.zaxxer.hikari.HikariDataSource       : HikariPool-6 - Shutdown initiated...
2026-06-03T11:14:41.336+05:30  INFO 16848 --- [Thread-21] com.zaxxer.hikari.HikariDataSource       : HikariPool-6 - Shutdown completed.
2026-06-03T11:14:41.420+05:30  INFO 16848 --- [restartedMain] c.msedcl.main.transaction.Application    : Starting Application using Java 25.0.1 with PID 16848 (C:\Training\Spring Boot Microservices\03_TransactionService\target\classes started by student5 in C:\Training\Spring Boot Microservices\03_TransactionService)
2026-06-03T11:14:41.421+05:30  INFO 16848 --- [restartedMain] c.msedcl.main.transaction.Application    : No active profile set, falling back to 1 default profile: "default"
2026-06-03T11:14:41.570+05:30  INFO 16848 --- [restartedMain] .s.d.r.c.RepositoryConfigurationDelegate : Bootstrapping Spring Data JPA repositories in DEFAULT mode.
2026-06-03T11:14:41.581+05:30  INFO 16848 --- [restartedMain] .s.d.r.c.RepositoryConfigurationDelegate : Finished Spring Data repository scanning in 9 ms. Found 1 JPA repository interface.
2026-06-03T11:14:41.651+05:30  INFO 16848 --- [restartedMain] o.s.boot.tomcat.TomcatWebServer          : Tomcat initialized with port 8282 (http)
2026-06-03T11:14:41.652+05:30  INFO 16848 --- [restartedMain] o.apache.catalina.core.StandardService   : Starting service [Tomcat]
2026-06-03T11:14:41.652+05:30  INFO 16848 --- [restartedMain] o.apache.catalina.core.StandardEngine    : Starting Servlet engine: [Apache Tomcat/11.0.21]
2026-06-03T11:14:41.671+05:30  INFO 16848 --- [restartedMain] b.w.c.s.WebApplicationContextInitializer : Root WebApplicationContext: initialization completed in 248 ms
2026-06-03T11:14:41.700+05:30  INFO 16848 --- [restartedMain] com.zaxxer.hikari.HikariDataSource       : HikariPool-7 - Starting...
2026-06-03T11:14:41.717+05:30  INFO 16848 --- [restartedMain] com.zaxxer.hikari.pool.HikariPool        : HikariPool-7 - Added connection com.mysql.cj.jdbc.ConnectionImpl@61914b0e
2026-06-03T11:14:41.718+05:30  INFO 16848 --- [restartedMain] com.zaxxer.hikari.HikariDataSource       : HikariPool-7 - Start completed.
2026-06-03T11:14:41.719+05:30  INFO 16848 --- [restartedMain] org.hibernate.orm.jpa                    : HHH008540: Processing PersistenceUnitInfo [name: default]
2026-06-03T11:14:41.754+05:30  INFO 16848 --- [restartedMain] o.s.o.j.p.SpringPersistenceUnitInfo      : No LoadTimeWeaver setup: ignoring JPA class transformer
2026-06-03T11:14:41.756+05:30  INFO 16848 --- [restartedMain] org.hibernate.orm.connections.pooling    : HHH10001005: Database info:
	Database JDBC URL [jdbc:mysql://localhost:3306/transaction_db]
	Database driver: MySQL Connector/J
	Database dialect: MySQLDialect
	Database version: 8.0.45
	Default catalog/schema: transaction_db/undefined
	Autocommit mode: undefined/unknown
	Isolation level: REPEATABLE_READ [default REPEATABLE_READ]
	JDBC fetch size: none
	Pool: DataSourceConnectionProvider
	Minimum pool size: undefined/unknown
	Maximum pool size: undefined/unknown
2026-06-03T11:14:41.796+05:30  INFO 16848 --- [restartedMain] org.hibernate.orm.core                   : HHH000489: No JTA platform available (set 'hibernate.transaction.jta.platform' to enable JTA platform integration)
2026-06-03T11:14:41.797+05:30  INFO 16848 --- [restartedMain] j.LocalContainerEntityManagerFactoryBean : Initialized JPA EntityManagerFactory for persistence unit 'default'
2026-06-03T11:14:41.862+05:30  WARN 16848 --- [restartedMain] JpaBaseConfiguration$JpaWebConfiguration : spring.jpa.open-in-view is enabled by default. Therefore, database queries may be performed during view rendering. Explicitly configure spring.jpa.open-in-view to disable this warning
2026-06-03T11:14:41.954+05:30  INFO 16848 --- [restartedMain] o.s.boot.tomcat.TomcatWebServer          : Tomcat started on port 8282 (http) with context path '/'
2026-06-03T11:14:41.959+05:30  INFO 16848 --- [restartedMain] c.msedcl.main.transaction.Application    : Started Application in 0.564 seconds (process running for 1163.135)
2026-06-03T11:14:41.961+05:30  INFO 16848 --- [restartedMain] .ConditionEvaluationDeltaLoggingListener : Condition evaluation unchanged
2026-06-03T11:15:12.675+05:30  INFO 16848 --- [File Watcher] rtingClassPathChangeChangedEventListener : Restarting due to 3 class path changes (0 additions, 0 deletions, 3 modifications)
2026-06-03T11:15:12.676+05:30  INFO 16848 --- [Thread-25] o.s.boot.tomcat.GracefulShutdown         : Commencing graceful shutdown. Waiting for active requests to complete
2026-06-03T11:15:12.679+05:30  INFO 16848 --- [tomcat-shutdown] o.s.boot.tomcat.GracefulShutdown         : Graceful shutdown complete
2026-06-03T11:15:12.682+05:30  INFO 16848 --- [Thread-25] j.LocalContainerEntityManagerFactoryBean : Closing JPA EntityManagerFactory for persistence unit 'default'
2026-06-03T11:15:12.683+05:30  INFO 16848 --- [Thread-25] com.zaxxer.hikari.HikariDataSource       : HikariPool-7 - Shutdown initiated...
2026-06-03T11:15:12.687+05:30  INFO 16848 --- [Thread-25] com.zaxxer.hikari.HikariDataSource       : HikariPool-7 - Shutdown completed.
2026-06-03T11:15:12.768+05:30  INFO 16848 --- [restartedMain] c.msedcl.main.transaction.Application    : Starting Application using Java 25.0.1 with PID 16848 (C:\Training\Spring Boot Microservices\03_TransactionService\target\classes started by student5 in C:\Training\Spring Boot Microservices\03_TransactionService)
2026-06-03T11:15:12.768+05:30  INFO 16848 --- [restartedMain] c.msedcl.main.transaction.Application    : No active profile set, falling back to 1 default profile: "default"
2026-06-03T11:15:12.916+05:30  INFO 16848 --- [restartedMain] .s.d.r.c.RepositoryConfigurationDelegate : Bootstrapping Spring Data JPA repositories in DEFAULT mode.
2026-06-03T11:15:12.927+05:30  INFO 16848 --- [restartedMain] .s.d.r.c.RepositoryConfigurationDelegate : Finished Spring Data repository scanning in 9 ms. Found 1 JPA repository interface.
2026-06-03T11:15:12.999+05:30  INFO 16848 --- [restartedMain] o.s.boot.tomcat.TomcatWebServer          : Tomcat initialized with port 8282 (http)
2026-06-03T11:15:13.000+05:30  INFO 16848 --- [restartedMain] o.apache.catalina.core.StandardService   : Starting service [Tomcat]
2026-06-03T11:15:13.001+05:30  INFO 16848 --- [restartedMain] o.apache.catalina.core.StandardEngine    : Starting Servlet engine: [Apache Tomcat/11.0.21]
2026-06-03T11:15:13.020+05:30  INFO 16848 --- [restartedMain] b.w.c.s.WebApplicationContextInitializer : Root WebApplicationContext: initialization completed in 250 ms
2026-06-03T11:15:13.049+05:30  INFO 16848 --- [restartedMain] com.zaxxer.hikari.HikariDataSource       : HikariPool-8 - Starting...
2026-06-03T11:15:13.066+05:30  INFO 16848 --- [restartedMain] com.zaxxer.hikari.pool.HikariPool        : HikariPool-8 - Added connection com.mysql.cj.jdbc.ConnectionImpl@2af28f74
2026-06-03T11:15:13.067+05:30  INFO 16848 --- [restartedMain] com.zaxxer.hikari.HikariDataSource       : HikariPool-8 - Start completed.
2026-06-03T11:15:13.068+05:30  INFO 16848 --- [restartedMain] org.hibernate.orm.jpa                    : HHH008540: Processing PersistenceUnitInfo [name: default]
2026-06-03T11:15:13.101+05:30  INFO 16848 --- [restartedMain] o.s.o.j.p.SpringPersistenceUnitInfo      : No LoadTimeWeaver setup: ignoring JPA class transformer
2026-06-03T11:15:13.104+05:30  INFO 16848 --- [restartedMain] org.hibernate.orm.connections.pooling    : HHH10001005: Database info:
	Database JDBC URL [jdbc:mysql://localhost:3306/transaction_db]
	Database driver: MySQL Connector/J
	Database dialect: MySQLDialect
	Database version: 8.0.45
	Default catalog/schema: transaction_db/undefined
	Autocommit mode: undefined/unknown
	Isolation level: REPEATABLE_READ [default REPEATABLE_READ]
	JDBC fetch size: none
	Pool: DataSourceConnectionProvider
	Minimum pool size: undefined/unknown
	Maximum pool size: undefined/unknown
2026-06-03T11:15:13.145+05:30  INFO 16848 --- [restartedMain] org.hibernate.orm.core                   : HHH000489: No JTA platform available (set 'hibernate.transaction.jta.platform' to enable JTA platform integration)
2026-06-03T11:15:13.146+05:30  INFO 16848 --- [restartedMain] j.LocalContainerEntityManagerFactoryBean : Initialized JPA EntityManagerFactory for persistence unit 'default'
2026-06-03T11:15:13.215+05:30  WARN 16848 --- [restartedMain] JpaBaseConfiguration$JpaWebConfiguration : spring.jpa.open-in-view is enabled by default. Therefore, database queries may be performed during view rendering. Explicitly configure spring.jpa.open-in-view to disable this warning
2026-06-03T11:15:13.303+05:30  INFO 16848 --- [restartedMain] o.s.boot.tomcat.TomcatWebServer          : Tomcat started on port 8282 (http) with context path '/'
2026-06-03T11:15:13.308+05:30  INFO 16848 --- [restartedMain] c.msedcl.main.transaction.Application    : Started Application in 0.565 seconds (process running for 1194.484)
2026-06-03T11:15:13.310+05:30  INFO 16848 --- [restartedMain] .ConditionEvaluationDeltaLoggingListener : Condition evaluation unchanged
2026-06-03T11:15:24.789+05:30  INFO 16848 --- [File Watcher] rtingClassPathChangeChangedEventListener : Restarting due to 3 class path changes (0 additions, 0 deletions, 3 modifications)
2026-06-03T11:15:24.790+05:30  INFO 16848 --- [Thread-29] o.s.boot.tomcat.GracefulShutdown         : Commencing graceful shutdown. Waiting for active requests to complete
2026-06-03T11:15:24.793+05:30  INFO 16848 --- [tomcat-shutdown] o.s.boot.tomcat.GracefulShutdown         : Graceful shutdown complete
2026-06-03T11:15:24.795+05:30  INFO 16848 --- [Thread-29] j.LocalContainerEntityManagerFactoryBean : Closing JPA EntityManagerFactory for persistence unit 'default'
2026-06-03T11:15:24.796+05:30  INFO 16848 --- [Thread-29] com.zaxxer.hikari.HikariDataSource       : HikariPool-8 - Shutdown initiated...
2026-06-03T11:15:24.800+05:30  INFO 16848 --- [Thread-29] com.zaxxer.hikari.HikariDataSource       : HikariPool-8 - Shutdown completed.
2026-06-03T11:15:24.880+05:30  INFO 16848 --- [restartedMain] c.msedcl.main.transaction.Application    : Starting Application using Java 25.0.1 with PID 16848 (C:\Training\Spring Boot Microservices\03_TransactionService\target\classes started by student5 in C:\Training\Spring Boot Microservices\03_TransactionService)
2026-06-03T11:15:24.880+05:30  INFO 16848 --- [restartedMain] c.msedcl.main.transaction.Application    : No active profile set, falling back to 1 default profile: "default"
2026-06-03T11:15:25.032+05:30  INFO 16848 --- [restartedMain] .s.d.r.c.RepositoryConfigurationDelegate : Bootstrapping Spring Data JPA repositories in DEFAULT mode.
2026-06-03T11:15:25.044+05:30  INFO 16848 --- [restartedMain] .s.d.r.c.RepositoryConfigurationDelegate : Finished Spring Data repository scanning in 10 ms. Found 1 JPA repository interface.
2026-06-03T11:15:25.117+05:30  INFO 16848 --- [restartedMain] o.s.boot.tomcat.TomcatWebServer          : Tomcat initialized with port 8282 (http)
2026-06-03T11:15:25.118+05:30  INFO 16848 --- [restartedMain] o.apache.catalina.core.StandardService   : Starting service [Tomcat]
2026-06-03T11:15:25.118+05:30  INFO 16848 --- [restartedMain] o.apache.catalina.core.StandardEngine    : Starting Servlet engine: [Apache Tomcat/11.0.21]
2026-06-03T11:15:25.138+05:30  INFO 16848 --- [restartedMain] b.w.c.s.WebApplicationContextInitializer : Root WebApplicationContext: initialization completed in 256 ms
2026-06-03T11:15:25.166+05:30  INFO 16848 --- [restartedMain] com.zaxxer.hikari.HikariDataSource       : HikariPool-9 - Starting...
2026-06-03T11:15:25.184+05:30  INFO 16848 --- [restartedMain] com.zaxxer.hikari.pool.HikariPool        : HikariPool-9 - Added connection com.mysql.cj.jdbc.ConnectionImpl@f14ff2f
2026-06-03T11:15:25.184+05:30  INFO 16848 --- [restartedMain] com.zaxxer.hikari.HikariDataSource       : HikariPool-9 - Start completed.
2026-06-03T11:15:25.185+05:30  INFO 16848 --- [restartedMain] org.hibernate.orm.jpa                    : HHH008540: Processing PersistenceUnitInfo [name: default]
2026-06-03T11:15:25.219+05:30  INFO 16848 --- [restartedMain] o.s.o.j.p.SpringPersistenceUnitInfo      : No LoadTimeWeaver setup: ignoring JPA class transformer
2026-06-03T11:15:25.222+05:30  INFO 16848 --- [restartedMain] org.hibernate.orm.connections.pooling    : HHH10001005: Database info:
	Database JDBC URL [jdbc:mysql://localhost:3306/transaction_db]
	Database driver: MySQL Connector/J
	Database dialect: MySQLDialect
	Database version: 8.0.45
	Default catalog/schema: transaction_db/undefined
	Autocommit mode: undefined/unknown
	Isolation level: REPEATABLE_READ [default REPEATABLE_READ]
	JDBC fetch size: none
	Pool: DataSourceConnectionProvider
	Minimum pool size: undefined/unknown
	Maximum pool size: undefined/unknown
2026-06-03T11:15:25.264+05:30  INFO 16848 --- [restartedMain] org.hibernate.orm.core                   : HHH000489: No JTA platform available (set 'hibernate.transaction.jta.platform' to enable JTA platform integration)
2026-06-03T11:15:25.265+05:30  INFO 16848 --- [restartedMain] j.LocalContainerEntityManagerFactoryBean : Initialized JPA EntityManagerFactory for persistence unit 'default'
2026-06-03T11:15:25.331+05:30  WARN 16848 --- [restartedMain] JpaBaseConfiguration$JpaWebConfiguration : spring.jpa.open-in-view is enabled by default. Therefore, database queries may be performed during view rendering. Explicitly configure spring.jpa.open-in-view to disable this warning
2026-06-03T11:15:25.418+05:30  INFO 16848 --- [restartedMain] o.s.boot.tomcat.TomcatWebServer          : Tomcat started on port 8282 (http) with context path '/'
2026-06-03T11:15:25.424+05:30  INFO 16848 --- [restartedMain] c.msedcl.main.transaction.Application    : Started Application in 0.568 seconds (process running for 1206.601)
2026-06-03T11:15:25.427+05:30  INFO 16848 --- [restartedMain] .ConditionEvaluationDeltaLoggingListener : Condition evaluation unchanged
2026-06-03T11:15:37.445+05:30  INFO 16848 --- [http-nio-8282-exec-2] o.a.c.c.C.[Tomcat].[localhost].[/]       : Initializing Spring DispatcherServlet 'dispatcherServlet'
2026-06-03T11:15:37.446+05:30  INFO 16848 --- [http-nio-8282-exec-2] o.s.web.servlet.DispatcherServlet        : Initializing Servlet 'dispatcherServlet'
2026-06-03T11:15:37.446+05:30  INFO 16848 --- [http-nio-8282-exec-2] o.s.web.servlet.DispatcherServlet        : Completed initialization in 0 ms
2026-06-03T11:15:37.454+05:30  INFO 16848 --- [http-nio-8282-exec-2] c.m.m.t.c.TransactionController          : Request Received To Deposit Money
2026-06-03T11:15:37.457+05:30  INFO 16848 --- [http-nio-8282-exec-2] c.m.m.t.c.TransactionController          : TransactionRequestDTO(accountId=1, amount=5000.0)
2026-06-03T11:15:37.504+05:30  INFO 16848 --- [http-nio-8282-exec-2] c.m.m.t.service.TransactionServiceImpl   : Balance updated for :: accountId1
2026-06-03T11:15:37.516+05:30  INFO 16848 --- [http-nio-8282-exec-2] c.m.m.t.service.TransactionServiceImpl   : Transaction details saved into table with transactionId :: 2
2026-06-03T11:15:37.524+05:30 ERROR 16848 --- [http-nio-8282-exec-2] c.m.m.t.client.AccountServiceClient      : Account service internal error: 500  on GET request for "http://localhost:8181/accountsapi/accounts/account/1": "{"timestamp":"2026-06-03T05:45:37.522Z","status":500,"error":"Internal Server Error","trace":"java.lang.IllegalArgumentException: Name for argument of type [int] not specified, and parameter name information not available via reflection. Ensure that the compiler uses the '-parameters' flag.\r\n\tat org.springframework.web.method.annotation.AbstractNamedValueMethodArgumentResolver.updateNamedValueInfo(AbstractNamedValueMethodArgumentResolver.java:184)\r\n\tat org.springframework.web.method.annotation.AbstractNamedValueMethodArgumentResolver.getNamedValueInfo(AbstractNamedValueMethodArgumentResolver.java:159)\r\n\tat org.springframework.web.method.annotation.AbstractNamedValueMethodArgumentResolver.resolveArgument(AbstractNamedValueMethodArgumentResolver.java:106)\r\n\tat org.springframework.web.method.support.HandlerMethodArgumentResolverComposite.resolveArgument(HandlerMethodArgumentResolverComposite.java:122)\r\n\tat org.springframework.web.method.support.InvocableHandlerMethod.getMethodArgumentValues(InvocableHandlerMethod.java:224)\r\n\tat org.springframework.web.method.support.InvocableHandlerMethod.invokeForRequest(InvocableHandlerMethod.java:174)\r\n\tat org.springframework.web.servlet.mvc.method.annotation.ServletInvocableHandlerMethod.invokeAndHandle(ServletInvocableHandlerMethod.java:117)\r\n\tat org.springframework.web.servlet.mvc.method.annotation.RequestMappingHandlerAdapter.invokeHandlerMethod(RequestMappingHandlerAdapter.java:934)\r\n\tat org.springframework.web.servlet.mvc.method.annotation.RequestMappingHandlerAdapter.handleInternal(RequestMappingHandlerAdapter.java:853)\r\n\tat org.springframework.web.servlet.mvc.method.AbstractHandlerMethodAdapter.handle(AbstractHandlerMethodAdapter.java:86)\r\n\tat org.springframework.web.servlet.DispatcherServlet.doDispatch(DispatcherServlet.java:963)\r\n\tat org.springframework.web.servlet.DispatcherServlet.doService(DispatcherServlet.java:866)\r\n\tat org.springframework.web.servlet.FrameworkServlet.processRequest(FrameworkServlet.java:1000)\r\n\tat org.springframework.web.servlet.FrameworkServlet.doGet(FrameworkServlet.java:892)\r\n\tat jakarta.servlet.http.HttpServlet.service(HttpServlet.java:622)\r\n\tat org.springframework.web.servlet.FrameworkServlet.service(FrameworkServlet.java:874)\r\n\tat jakarta.servlet.http.HttpServlet.service(HttpServlet.java:710)\r\n\tat org.apache.catalina.core.ApplicationFilterChain.doFilter(ApplicationFilterChain.java:128)\r\n\tat org.apache.tomcat.websocket.server.WsFilter.doFilter(WsFilter.java:53)\r\n\tat org.apache.catalina.core.ApplicationFilterChain.doFilter(ApplicationFilterChain.java:107)\r\n\tat org.springframework.web.filter.RequestContextFilter.doFilterInternal(RequestContextFilter.java:100)\r\n\tat org.springframework.web.filter.OncePerRequestFilter.doFilter(OncePerRequestFilter.java:116)\r\n\tat org.apache.catalina.core.ApplicationFilterChain.doFilter(ApplicationFilterChain.java:107)\r\n\tat org.springframework.web.filter.FormContentFilter.doFilterInternal(FormContentFilter.java:93)\r\n\tat org.springframework.web.filter.OncePerRequestFilter.doFilter(OncePerRequestFilter.java:116)\r\n\tat org.apache.catalina.core.ApplicationFilterChain.doFilter(ApplicationFilterChain.java:107)\r\n\tat org.springframework.web.filter.CharacterEncodingFilter.doFilterInternal(CharacterEncodingFilter.java:199)\r\n\tat org.springframework.web.filter.OncePerRequestFilter.doFilter(OncePerRequestFilter.java:116)\r\n\tat org.apache.catalina.core.ApplicationFilterChain.doFilter(ApplicationFilterChain.java:107)\r\n\tat org.apache.catalina.core.StandardWrapperValve.invoke(StandardWrapperValve.java:165)\r\n\tat org.apache.catalina.core.StandardContextValve.invoke(StandardContextValve.java:77)\r\n\tat org.apache.catalina.authenticator.AuthenticatorBase.invoke(AuthenticatorBase.java:492)\r\n\tat org.apache.catalina.core.StandardHostValve.invoke(StandardHostValve.java:113)\r\n\tat org.apache.catalina.valves.ErrorReportValve.invoke(ErrorReportValve.java:83)\r\n\tat org.apache.catalina.core.StandardEngineValve.invoke(StandardEngineValve.java:72)\r\n\tat org.apache.catalina.connector.CoyoteAdapter.service(CoyoteAdapter.java:341)\r\n\tat org.apache.coyote.http11.Http11Processor.service(Http11Processor.java:397)\r\n\tat org.apache.coyote.AbstractProcessorLight.process(AbstractProcessorLight.java:63)\r\n\tat org.apache.coyote.AbstractProtocol$ConnectionHandler.process(AbstractProtocol.java:903)\r\n\tat org.apache.tomcat.util.net.NioEndpoint$SocketProcessor.doRun(NioEndpoint.java:1801)\r\n\tat org.apache.tomcat.util.net.SocketProcessorBase.run(SocketProcessorBase.java:52)\r\n\tat org.apache.tomcat.util.threads.ThreadPoolExecutor.runWorker(ThreadPoolExecutor.java:946)\r\n\tat org.apache.tomcat.util.threads.ThreadPoolExecutor$Worker.run(ThreadPoolExecutor.java:480)\r\n\tat org.apache.tomcat.util.threads.TaskThread$WrappingRunnable.run(TaskThread.java:57)\r\n\tat java.base/java.lang.Thread.run(Thread.java:1474)\r\n","message":"Name for argument of type [int] not specified, and parameter name information not available via reflection. Ensure that the compiler uses the '-parameters' flag.","path":"/accountsapi/accounts/account/1"}"
2026-06-03T11:15:37.525+05:30 ERROR 16848 --- [http-nio-8282-exec-2] o.a.c.c.C.[.[.[/].[dispatcherServlet]    : Servlet.service() for servlet [dispatcherServlet] in context with path [] threw exception [Request processing failed: java.lang.RuntimeException: Account Service unavailable] with root cause

java.lang.RuntimeException: Account Service unavailable
	at com.msedcl.main.transaction.client.AccountServiceClient.getAccount(AccountServiceClient.java:50) ~[classes/:na]
	at com.msedcl.main.transaction.service.TransactionServiceImpl.deposit(TransactionServiceImpl.java:48) ~[classes/:na]
	at com.msedcl.main.transaction.controller.TransactionController.depositMoney(TransactionController.java:45) ~[classes/:na]
	at java.base/jdk.internal.reflect.DirectMethodHandleAccessor.invoke(DirectMethodHandleAccessor.java:104) ~[na:na]
	at java.base/java.lang.reflect.Method.invoke(Method.java:565) ~[na:na]
	at org.springframework.web.method.support.InvocableHandlerMethod.doInvoke(InvocableHandlerMethod.java:252) ~[spring-web-7.0.7.jar:7.0.7]
	at org.springframework.web.method.support.InvocableHandlerMethod.invokeForRequest(InvocableHandlerMethod.java:184) ~[spring-web-7.0.7.jar:7.0.7]
	at org.springframework.web.servlet.mvc.method.annotation.ServletInvocableHandlerMethod.invokeAndHandle(ServletInvocableHandlerMethod.java:117) ~[spring-webmvc-7.0.7.jar:7.0.7]
	at org.springframework.web.servlet.mvc.method.annotation.RequestMappingHandlerAdapter.invokeHandlerMethod(RequestMappingHandlerAdapter.java:934) ~[spring-webmvc-7.0.7.jar:7.0.7]
	at org.springframework.web.servlet.mvc.method.annotation.RequestMappingHandlerAdapter.handleInternal(RequestMappingHandlerAdapter.java:853) ~[spring-webmvc-7.0.7.jar:7.0.7]
	at org.springframework.web.servlet.mvc.method.AbstractHandlerMethodAdapter.handle(AbstractHandlerMethodAdapter.java:86) ~[spring-webmvc-7.0.7.jar:7.0.7]
	at org.springframework.web.servlet.DispatcherServlet.doDispatch(DispatcherServlet.java:963) ~[spring-webmvc-7.0.7.jar:7.0.7]
	at org.springframework.web.servlet.DispatcherServlet.doService(DispatcherServlet.java:866) ~[spring-webmvc-7.0.7.jar:7.0.7]
	at org.springframework.web.servlet.FrameworkServlet.processRequest(FrameworkServlet.java:1000) ~[spring-webmvc-7.0.7.jar:7.0.7]
	at org.springframework.web.servlet.FrameworkServlet.doPost(FrameworkServlet.java:903) ~[spring-webmvc-7.0.7.jar:7.0.7]
	at jakarta.servlet.http.HttpServlet.service(HttpServlet.java:649) ~[tomcat-embed-core-11.0.21.jar:6.1]
	at org.springframework.web.servlet.FrameworkServlet.service(FrameworkServlet.java:874) ~[spring-webmvc-7.0.7.jar:7.0.7]
	at jakarta.servlet.http.HttpServlet.service(HttpServlet.java:710) ~[tomcat-embed-core-11.0.21.jar:6.1]
	at org.apache.catalina.core.ApplicationFilterChain.doFilter(ApplicationFilterChain.java:128) ~[tomcat-embed-core-11.0.21.jar:11.0.21]
	at org.apache.tomcat.websocket.server.WsFilter.doFilter(WsFilter.java:53) ~[tomcat-embed-websocket-11.0.21.jar:11.0.21]
	at org.apache.catalina.core.ApplicationFilterChain.doFilter(ApplicationFilterChain.java:107) ~[tomcat-embed-core-11.0.21.jar:11.0.21]
	at org.springframework.web.filter.RequestContextFilter.doFilterInternal(RequestContextFilter.java:100) ~[spring-web-7.0.7.jar:7.0.7]
	at org.springframework.web.filter.OncePerRequestFilter.doFilter(OncePerRequestFilter.java:116) ~[spring-web-7.0.7.jar:7.0.7]
	at org.apache.catalina.core.ApplicationFilterChain.doFilter(ApplicationFilterChain.java:107) ~[tomcat-embed-core-11.0.21.jar:11.0.21]
	at org.springframework.web.filter.FormContentFilter.doFilterInternal(FormContentFilter.java:93) ~[spring-web-7.0.7.jar:7.0.7]
	at org.springframework.web.filter.OncePerRequestFilter.doFilter(OncePerRequestFilter.java:116) ~[spring-web-7.0.7.jar:7.0.7]
	at org.apache.catalina.core.ApplicationFilterChain.doFilter(ApplicationFilterChain.java:107) ~[tomcat-embed-core-11.0.21.jar:11.0.21]
	at org.springframework.web.filter.CharacterEncodingFilter.doFilterInternal(CharacterEncodingFilter.java:199) ~[spring-web-7.0.7.jar:7.0.7]
	at org.springframework.web.filter.OncePerRequestFilter.doFilter(OncePerRequestFilter.java:116) ~[spring-web-7.0.7.jar:7.0.7]
	at org.apache.catalina.core.ApplicationFilterChain.doFilter(ApplicationFilterChain.java:107) ~[tomcat-embed-core-11.0.21.jar:11.0.21]
	at org.apache.catalina.core.StandardWrapperValve.invoke(StandardWrapperValve.java:165) ~[tomcat-embed-core-11.0.21.jar:11.0.21]
	at org.apache.catalina.core.StandardContextValve.invoke(StandardContextValve.java:77) ~[tomcat-embed-core-11.0.21.jar:11.0.21]
	at org.apache.catalina.authenticator.AuthenticatorBase.invoke(AuthenticatorBase.java:492) ~[tomcat-embed-core-11.0.21.jar:11.0.21]
	at org.apache.catalina.core.StandardHostValve.invoke(StandardHostValve.java:113) ~[tomcat-embed-core-11.0.21.jar:11.0.21]
	at org.apache.catalina.valves.ErrorReportValve.invoke(ErrorReportValve.java:83) ~[tomcat-embed-core-11.0.21.jar:11.0.21]
	at org.apache.catalina.core.StandardEngineValve.invoke(StandardEngineValve.java:72) ~[tomcat-embed-core-11.0.21.jar:11.0.21]
	at org.apache.catalina.connector.CoyoteAdapter.service(CoyoteAdapter.java:341) ~[tomcat-embed-core-11.0.21.jar:11.0.21]
	at org.apache.coyote.http11.Http11Processor.service(Http11Processor.java:397) ~[tomcat-embed-core-11.0.21.jar:11.0.21]
	at org.apache.coyote.AbstractProcessorLight.process(AbstractProcessorLight.java:63) ~[tomcat-embed-core-11.0.21.jar:11.0.21]
	at org.apache.coyote.AbstractProtocol$ConnectionHandler.process(AbstractProtocol.java:903) ~[tomcat-embed-core-11.0.21.jar:11.0.21]
	at org.apache.tomcat.util.net.NioEndpoint$SocketProcessor.doRun(NioEndpoint.java:1801) ~[tomcat-embed-core-11.0.21.jar:11.0.21]
	at org.apache.tomcat.util.net.SocketProcessorBase.run(SocketProcessorBase.java:52) ~[tomcat-embed-core-11.0.21.jar:11.0.21]
	at org.apache.tomcat.util.threads.ThreadPoolExecutor.runWorker(ThreadPoolExecutor.java:946) ~[tomcat-embed-core-11.0.21.jar:11.0.21]
	at org.apache.tomcat.util.threads.ThreadPoolExecutor$Worker.run(ThreadPoolExecutor.java:480) ~[tomcat-embed-core-11.0.21.jar:11.0.21]
	at org.apache.tomcat.util.threads.TaskThread$WrappingRunnable.run(TaskThread.java:57) ~[tomcat-embed-core-11.0.21.jar:11.0.21]
	at java.base/java.lang.Thread.run(Thread.java:1474) ~[na:na]

2026-06-03T11:15:45.799+05:30  INFO 16848 --- [http-nio-8282-exec-4] c.m.m.t.c.TransactionController          : Request Received To Deposit Money
2026-06-03T11:15:45.799+05:30  INFO 16848 --- [http-nio-8282-exec-4] c.m.m.t.c.TransactionController          : TransactionRequestDTO(accountId=1, amount=5000.0)
2026-06-03T11:15:45.831+05:30  INFO 16848 --- [http-nio-8282-exec-4] c.m.m.t.service.TransactionServiceImpl   : Balance updated for :: accountId1
2026-06-03T11:15:45.838+05:30  INFO 16848 --- [http-nio-8282-exec-4] c.m.m.t.service.TransactionServiceImpl   : Transaction details saved into table with transactionId :: 3
2026-06-03T11:15:45.847+05:30 ERROR 16848 --- [http-nio-8282-exec-4] c.m.m.t.client.AccountServiceClient      : Account service internal error: 500  on GET request for "http://localhost:8181/accountsapi/accounts/account/1": "{"timestamp":"2026-06-03T05:45:45.843Z","status":500,"error":"Internal Server Error","trace":"java.lang.IllegalArgumentException: Name for argument of type [int] not specified, and parameter name information not available via reflection. Ensure that the compiler uses the '-parameters' flag.\r\n\tat org.springframework.web.method.annotation.AbstractNamedValueMethodArgumentResolver.updateNamedValueInfo(AbstractNamedValueMethodArgumentResolver.java:184)\r\n\tat org.springframework.web.method.annotation.AbstractNamedValueMethodArgumentResolver.getNamedValueInfo(AbstractNamedValueMethodArgumentResolver.java:159)\r\n\tat org.springframework.web.method.annotation.AbstractNamedValueMethodArgumentResolver.resolveArgument(AbstractNamedValueMethodArgumentResolver.java:106)\r\n\tat org.springframework.web.method.support.HandlerMethodArgumentResolverComposite.resolveArgument(HandlerMethodArgumentResolverComposite.java:122)\r\n\tat org.springframework.web.method.support.InvocableHandlerMethod.getMethodArgumentValues(InvocableHandlerMethod.java:224)\r\n\tat org.springframework.web.method.support.InvocableHandlerMethod.invokeForRequest(InvocableHandlerMethod.java:174)\r\n\tat org.springframework.web.servlet.mvc.method.annotation.ServletInvocableHandlerMethod.invokeAndHandle(ServletInvocableHandlerMethod.java:117)\r\n\tat org.springframework.web.servlet.mvc.method.annotation.RequestMappingHandlerAdapter.invokeHandlerMethod(RequestMappingHandlerAdapter.java:934)\r\n\tat org.springframework.web.servlet.mvc.method.annotation.RequestMappingHandlerAdapter.handleInternal(RequestMappingHandlerAdapter.java:853)\r\n\tat org.springframework.web.servlet.mvc.method.AbstractHandlerMethodAdapter.handle(AbstractHandlerMethodAdapter.java:86)\r\n\tat org.springframework.web.servlet.DispatcherServlet.doDispatch(DispatcherServlet.java:963)\r\n\tat org.springframework.web.servlet.DispatcherServlet.doService(DispatcherServlet.java:866)\r\n\tat org.springframework.web.servlet.FrameworkServlet.processRequest(FrameworkServlet.java:1000)\r\n\tat org.springframework.web.servlet.FrameworkServlet.doGet(FrameworkServlet.java:892)\r\n\tat jakarta.servlet.http.HttpServlet.service(HttpServlet.java:622)\r\n\tat org.springframework.web.servlet.FrameworkServlet.service(FrameworkServlet.java:874)\r\n\tat jakarta.servlet.http.HttpServlet.service(HttpServlet.java:710)\r\n\tat org.apache.catalina.core.ApplicationFilterChain.doFilter(ApplicationFilterChain.java:128)\r\n\tat org.apache.tomcat.websocket.server.WsFilter.doFilter(WsFilter.java:53)\r\n\tat org.apache.catalina.core.ApplicationFilterChain.doFilter(ApplicationFilterChain.java:107)\r\n\tat org.springframework.web.filter.RequestContextFilter.doFilterInternal(RequestContextFilter.java:100)\r\n\tat org.springframework.web.filter.OncePerRequestFilter.doFilter(OncePerRequestFilter.java:116)\r\n\tat org.apache.catalina.core.ApplicationFilterChain.doFilter(ApplicationFilterChain.java:107)\r\n\tat org.springframework.web.filter.FormContentFilter.doFilterInternal(FormContentFilter.java:93)\r\n\tat org.springframework.web.filter.OncePerRequestFilter.doFilter(OncePerRequestFilter.java:116)\r\n\tat org.apache.catalina.core.ApplicationFilterChain.doFilter(ApplicationFilterChain.java:107)\r\n\tat org.springframework.web.filter.CharacterEncodingFilter.doFilterInternal(CharacterEncodingFilter.java:199)\r\n\tat org.springframework.web.filter.OncePerRequestFilter.doFilter(OncePerRequestFilter.java:116)\r\n\tat org.apache.catalina.core.ApplicationFilterChain.doFilter(ApplicationFilterChain.java:107)\r\n\tat org.apache.catalina.core.StandardWrapperValve.invoke(StandardWrapperValve.java:165)\r\n\tat org.apache.catalina.core.StandardContextValve.invoke(StandardContextValve.java:77)\r\n\tat org.apache.catalina.authenticator.AuthenticatorBase.invoke(AuthenticatorBase.java:492)\r\n\tat org.apache.catalina.core.StandardHostValve.invoke(StandardHostValve.java:113)\r\n\tat org.apache.catalina.valves.ErrorReportValve.invoke(ErrorReportValve.java:83)\r\n\tat org.apache.catalina.core.StandardEngineValve.invoke(StandardEngineValve.java:72)\r\n\tat org.apache.catalina.connector.CoyoteAdapter.service(CoyoteAdapter.java:341)\r\n\tat org.apache.coyote.http11.Http11Processor.service(Http11Processor.java:397)\r\n\tat org.apache.coyote.AbstractProcessorLight.process(AbstractProcessorLight.java:63)\r\n\tat org.apache.coyote.AbstractProtocol$ConnectionHandler.process(AbstractProtocol.java:903)\r\n\tat org.apache.tomcat.util.net.NioEndpoint$SocketProcessor.doRun(NioEndpoint.java:1801)\r\n\tat org.apache.tomcat.util.net.SocketProcessorBase.run(SocketProcessorBase.java:52)\r\n\tat org.apache.tomcat.util.threads.ThreadPoolExecutor.runWorker(ThreadPoolExecutor.java:946)\r\n\tat org.apache.tomcat.util.threads.ThreadPoolExecutor$Worker.run(ThreadPoolExecutor.java:480)\r\n\tat org.apache.tomcat.util.threads.TaskThread$WrappingRunnable.run(TaskThread.java:57)\r\n\tat java.base/java.lang.Thread.run(Thread.java:1474)\r\n","message":"Name for argument of type [int] not specified, and parameter name information not available via reflection. Ensure that the compiler uses the '-parameters' flag.","path":"/accountsapi/accounts/account/1"}"
2026-06-03T11:15:45.848+05:30 ERROR 16848 --- [http-nio-8282-exec-4] o.a.c.c.C.[.[.[/].[dispatcherServlet]    : Servlet.service() for servlet [dispatcherServlet] in context with path [] threw exception [Request processing failed: java.lang.RuntimeException: Account Service unavailable] with root cause

java.lang.RuntimeException: Account Service unavailable
	at com.msedcl.main.transaction.client.AccountServiceClient.getAccount(AccountServiceClient.java:50) ~[classes/:na]
	at com.msedcl.main.transaction.service.TransactionServiceImpl.deposit(TransactionServiceImpl.java:48) ~[classes/:na]
	at com.msedcl.main.transaction.controller.TransactionController.depositMoney(TransactionController.java:45) ~[classes/:na]
	at java.base/jdk.internal.reflect.DirectMethodHandleAccessor.invoke(DirectMethodHandleAccessor.java:104) ~[na:na]
	at java.base/java.lang.reflect.Method.invoke(Method.java:565) ~[na:na]
	at org.springframework.web.method.support.InvocableHandlerMethod.doInvoke(InvocableHandlerMethod.java:252) ~[spring-web-7.0.7.jar:7.0.7]
	at org.springframework.web.method.support.InvocableHandlerMethod.invokeForRequest(InvocableHandlerMethod.java:184) ~[spring-web-7.0.7.jar:7.0.7]
	at org.springframework.web.servlet.mvc.method.annotation.ServletInvocableHandlerMethod.invokeAndHandle(ServletInvocableHandlerMethod.java:117) ~[spring-webmvc-7.0.7.jar:7.0.7]
	at org.springframework.web.servlet.mvc.method.annotation.RequestMappingHandlerAdapter.invokeHandlerMethod(RequestMappingHandlerAdapter.java:934) ~[spring-webmvc-7.0.7.jar:7.0.7]
	at org.springframework.web.servlet.mvc.method.annotation.RequestMappingHandlerAdapter.handleInternal(RequestMappingHandlerAdapter.java:853) ~[spring-webmvc-7.0.7.jar:7.0.7]
	at org.springframework.web.servlet.mvc.method.AbstractHandlerMethodAdapter.handle(AbstractHandlerMethodAdapter.java:86) ~[spring-webmvc-7.0.7.jar:7.0.7]
	at org.springframework.web.servlet.DispatcherServlet.doDispatch(DispatcherServlet.java:963) ~[spring-webmvc-7.0.7.jar:7.0.7]
	at org.springframework.web.servlet.DispatcherServlet.doService(DispatcherServlet.java:866) ~[spring-webmvc-7.0.7.jar:7.0.7]
	at org.springframework.web.servlet.FrameworkServlet.processRequest(FrameworkServlet.java:1000) ~[spring-webmvc-7.0.7.jar:7.0.7]
	at org.springframework.web.servlet.FrameworkServlet.doPost(FrameworkServlet.java:903) ~[spring-webmvc-7.0.7.jar:7.0.7]
	at jakarta.servlet.http.HttpServlet.service(HttpServlet.java:649) ~[tomcat-embed-core-11.0.21.jar:6.1]
	at org.springframework.web.servlet.FrameworkServlet.service(FrameworkServlet.java:874) ~[spring-webmvc-7.0.7.jar:7.0.7]
	at jakarta.servlet.http.HttpServlet.service(HttpServlet.java:710) ~[tomcat-embed-core-11.0.21.jar:6.1]
	at org.apache.catalina.core.ApplicationFilterChain.doFilter(ApplicationFilterChain.java:128) ~[tomcat-embed-core-11.0.21.jar:11.0.21]
	at org.apache.tomcat.websocket.server.WsFilter.doFilter(WsFilter.java:53) ~[tomcat-embed-websocket-11.0.21.jar:11.0.21]
	at org.apache.catalina.core.ApplicationFilterChain.doFilter(ApplicationFilterChain.java:107) ~[tomcat-embed-core-11.0.21.jar:11.0.21]
	at org.springframework.web.filter.RequestContextFilter.doFilterInternal(RequestContextFilter.java:100) ~[spring-web-7.0.7.jar:7.0.7]
	at org.springframework.web.filter.OncePerRequestFilter.doFilter(OncePerRequestFilter.java:116) ~[spring-web-7.0.7.jar:7.0.7]
	at org.apache.catalina.core.ApplicationFilterChain.doFilter(ApplicationFilterChain.java:107) ~[tomcat-embed-core-11.0.21.jar:11.0.21]
	at org.springframework.web.filter.FormContentFilter.doFilterInternal(FormContentFilter.java:93) ~[spring-web-7.0.7.jar:7.0.7]
	at org.springframework.web.filter.OncePerRequestFilter.doFilter(OncePerRequestFilter.java:116) ~[spring-web-7.0.7.jar:7.0.7]
	at org.apache.catalina.core.ApplicationFilterChain.doFilter(ApplicationFilterChain.java:107) ~[tomcat-embed-core-11.0.21.jar:11.0.21]
	at org.springframework.web.filter.CharacterEncodingFilter.doFilterInternal(CharacterEncodingFilter.java:199) ~[spring-web-7.0.7.jar:7.0.7]
	at org.springframework.web.filter.OncePerRequestFilter.doFilter(OncePerRequestFilter.java:116) ~[spring-web-7.0.7.jar:7.0.7]
	at org.apache.catalina.core.ApplicationFilterChain.doFilter(ApplicationFilterChain.java:107) ~[tomcat-embed-core-11.0.21.jar:11.0.21]
	at org.apache.catalina.core.StandardWrapperValve.invoke(StandardWrapperValve.java:165) ~[tomcat-embed-core-11.0.21.jar:11.0.21]
	at org.apache.catalina.core.StandardContextValve.invoke(StandardContextValve.java:77) ~[tomcat-embed-core-11.0.21.jar:11.0.21]
	at org.apache.catalina.authenticator.AuthenticatorBase.invoke(AuthenticatorBase.java:492) ~[tomcat-embed-core-11.0.21.jar:11.0.21]
	at org.apache.catalina.core.StandardHostValve.invoke(StandardHostValve.java:113) ~[tomcat-embed-core-11.0.21.jar:11.0.21]
	at org.apache.catalina.valves.ErrorReportValve.invoke(ErrorReportValve.java:83) ~[tomcat-embed-core-11.0.21.jar:11.0.21]
	at org.apache.catalina.core.StandardEngineValve.invoke(StandardEngineValve.java:72) ~[tomcat-embed-core-11.0.21.jar:11.0.21]
	at org.apache.catalina.connector.CoyoteAdapter.service(CoyoteAdapter.java:341) ~[tomcat-embed-core-11.0.21.jar:11.0.21]
	at org.apache.coyote.http11.Http11Processor.service(Http11Processor.java:397) ~[tomcat-embed-core-11.0.21.jar:11.0.21]
	at org.apache.coyote.AbstractProcessorLight.process(AbstractProcessorLight.java:63) ~[tomcat-embed-core-11.0.21.jar:11.0.21]
	at org.apache.coyote.AbstractProtocol$ConnectionHandler.process(AbstractProtocol.java:903) ~[tomcat-embed-core-11.0.21.jar:11.0.21]
	at org.apache.tomcat.util.net.NioEndpoint$SocketProcessor.doRun(NioEndpoint.java:1801) ~[tomcat-embed-core-11.0.21.jar:11.0.21]
	at org.apache.tomcat.util.net.SocketProcessorBase.run(SocketProcessorBase.java:52) ~[tomcat-embed-core-11.0.21.jar:11.0.21]
	at org.apache.tomcat.util.threads.ThreadPoolExecutor.runWorker(ThreadPoolExecutor.java:946) ~[tomcat-embed-core-11.0.21.jar:11.0.21]
	at org.apache.tomcat.util.threads.ThreadPoolExecutor$Worker.run(ThreadPoolExecutor.java:480) ~[tomcat-embed-core-11.0.21.jar:11.0.21]
	at org.apache.tomcat.util.threads.TaskThread$WrappingRunnable.run(TaskThread.java:57) ~[tomcat-embed-core-11.0.21.jar:11.0.21]
	at java.base/java.lang.Thread.run(Thread.java:1474) ~[na:na]

2026-06-03T11:22:35.171+05:30  INFO 16848 --- [RMI TCP Connection(54)-127.0.0.1] inMXBeanRegistrar$SpringApplicationAdmin : Application shutdown requested.
2026-06-03T11:22:35.173+05:30  INFO 16848 --- [RMI TCP Connection(54)-127.0.0.1] o.s.boot.tomcat.GracefulShutdown         : Commencing graceful shutdown. Waiting for active requests to complete
2026-06-03T11:22:35.176+05:30  INFO 16848 --- [tomcat-shutdown] o.s.boot.tomcat.GracefulShutdown         : Graceful shutdown complete
2026-06-03T11:22:35.178+05:30  INFO 16848 --- [RMI TCP Connection(54)-127.0.0.1] j.LocalContainerEntityManagerFactoryBean : Closing JPA EntityManagerFactory for persistence unit 'default'
2026-06-03T11:22:35.179+05:30  INFO 16848 --- [RMI TCP Connection(54)-127.0.0.1] com.zaxxer.hikari.HikariDataSource       : HikariPool-9 - Shutdown initiated...
2026-06-03T11:22:35.185+05:30  INFO 16848 --- [RMI TCP Connection(54)-127.0.0.1] com.zaxxer.hikari.HikariDataSource       : HikariPool-9 - Shutdown completed.
2026-06-03T11:28:09.846+05:30  INFO 17804 --- [restartedMain] c.msedcl.main.transaction.Application    : Starting Application using Java 25.0.1 with PID 17804 (C:\Training\Spring Boot Microservices\03_TransactionService\target\classes started by student5 in C:\Training\Spring Boot Microservices\03_TransactionService)
2026-06-03T11:28:09.850+05:30  INFO 17804 --- [restartedMain] c.msedcl.main.transaction.Application    : No active profile set, falling back to 1 default profile: "default"
2026-06-03T11:28:09.919+05:30  INFO 17804 --- [restartedMain] .e.DevToolsPropertyDefaultsPostProcessor : Devtools property defaults active! Set 'spring.devtools.add-properties' to 'false' to disable
2026-06-03T11:28:09.919+05:30  INFO 17804 --- [restartedMain] .e.DevToolsPropertyDefaultsPostProcessor : For additional web related logging consider setting the 'logging.level.web' property to 'DEBUG'
2026-06-03T11:28:10.742+05:30  INFO 17804 --- [restartedMain] .s.d.r.c.RepositoryConfigurationDelegate : Bootstrapping Spring Data JPA repositories in DEFAULT mode.
2026-06-03T11:28:10.815+05:30  INFO 17804 --- [restartedMain] .s.d.r.c.RepositoryConfigurationDelegate : Finished Spring Data repository scanning in 55 ms. Found 1 JPA repository interface.
2026-06-03T11:28:11.430+05:30  INFO 17804 --- [restartedMain] o.s.boot.tomcat.TomcatWebServer          : Tomcat initialized with port 8282 (http)
2026-06-03T11:28:11.445+05:30  INFO 17804 --- [restartedMain] o.apache.catalina.core.StandardService   : Starting service [Tomcat]
2026-06-03T11:28:11.446+05:30  INFO 17804 --- [restartedMain] o.apache.catalina.core.StandardEngine    : Starting Servlet engine: [Apache Tomcat/11.0.21]
2026-06-03T11:28:11.496+05:30  INFO 17804 --- [restartedMain] b.w.c.s.WebApplicationContextInitializer : Root WebApplicationContext: initialization completed in 1576 ms
2026-06-03T11:28:11.670+05:30  INFO 17804 --- [restartedMain] com.zaxxer.hikari.HikariDataSource       : HikariPool-1 - Starting...
2026-06-03T11:28:12.124+05:30  INFO 17804 --- [restartedMain] com.zaxxer.hikari.pool.HikariPool        : HikariPool-1 - Added connection com.mysql.cj.jdbc.ConnectionImpl@39b09de4
2026-06-03T11:28:12.127+05:30  INFO 17804 --- [restartedMain] com.zaxxer.hikari.HikariDataSource       : HikariPool-1 - Start completed.
2026-06-03T11:28:12.163+05:30  INFO 17804 --- [restartedMain] org.hibernate.orm.jpa                    : HHH008540: Processing PersistenceUnitInfo [name: default]
2026-06-03T11:28:12.229+05:30  INFO 17804 --- [restartedMain] org.hibernate.orm.core                   : HHH000001: Hibernate ORM core version 7.2.12.Final
2026-06-03T11:28:12.800+05:30  INFO 17804 --- [restartedMain] o.s.o.j.p.SpringPersistenceUnitInfo      : No LoadTimeWeaver setup: ignoring JPA class transformer
2026-06-03T11:28:12.910+05:30  INFO 17804 --- [restartedMain] org.hibernate.orm.connections.pooling    : HHH10001005: Database info:
	Database JDBC URL [jdbc:mysql://localhost:3306/transaction_db]
	Database driver: MySQL Connector/J
	Database dialect: MySQLDialect
	Database version: 8.0.45
	Default catalog/schema: transaction_db/undefined
	Autocommit mode: undefined/unknown
	Isolation level: REPEATABLE_READ [default REPEATABLE_READ]
	JDBC fetch size: none
	Pool: DataSourceConnectionProvider
	Minimum pool size: undefined/unknown
	Maximum pool size: undefined/unknown
2026-06-03T11:28:13.791+05:30  INFO 17804 --- [restartedMain] org.hibernate.orm.core                   : HHH000489: No JTA platform available (set 'hibernate.transaction.jta.platform' to enable JTA platform integration)
2026-06-03T11:28:13.801+05:30  INFO 17804 --- [restartedMain] j.LocalContainerEntityManagerFactoryBean : Initialized JPA EntityManagerFactory for persistence unit 'default'
2026-06-03T11:28:13.927+05:30  INFO 17804 --- [restartedMain] o.s.d.j.r.query.QueryEnhancerFactories   : Hibernate is in classpath; If applicable, HQL parser will be used.
2026-06-03T11:28:14.159+05:30  WARN 17804 --- [restartedMain] JpaBaseConfiguration$JpaWebConfiguration : spring.jpa.open-in-view is enabled by default. Therefore, database queries may be performed during view rendering. Explicitly configure spring.jpa.open-in-view to disable this warning
2026-06-03T11:28:14.505+05:30  INFO 17804 --- [restartedMain] o.s.boot.tomcat.TomcatWebServer          : Tomcat started on port 8282 (http) with context path '/'
2026-06-03T11:28:14.511+05:30  INFO 17804 --- [restartedMain] c.msedcl.main.transaction.Application    : Started Application in 5.105 seconds (process running for 5.963)
2026-06-03T11:28:37.630+05:30  INFO 17804 --- [http-nio-8282-exec-2] o.a.c.c.C.[Tomcat].[localhost].[/]       : Initializing Spring DispatcherServlet 'dispatcherServlet'
2026-06-03T11:28:37.630+05:30  INFO 17804 --- [http-nio-8282-exec-2] o.s.web.servlet.DispatcherServlet        : Initializing Servlet 'dispatcherServlet'
2026-06-03T11:28:37.632+05:30  INFO 17804 --- [http-nio-8282-exec-2] o.s.web.servlet.DispatcherServlet        : Completed initialization in 1 ms
2026-06-03T11:28:37.800+05:30  INFO 17804 --- [http-nio-8282-exec-2] c.m.m.t.c.TransactionController          : Request Received To Deposit Money
2026-06-03T11:28:37.802+05:30  INFO 17804 --- [http-nio-8282-exec-2] c.m.m.t.c.TransactionController          : TransactionRequestDTO(accountId=1, amount=5000.0)
2026-06-03T11:28:37.956+05:30  INFO 17804 --- [http-nio-8282-exec-2] c.m.m.t.service.TransactionServiceImpl   : Balance updated for :: accountId1
2026-06-03T11:28:38.077+05:30  INFO 17804 --- [http-nio-8282-exec-2] c.m.m.t.service.TransactionServiceImpl   : Transaction details saved into table with transactionId :: 4
2026-06-03T11:28:38.095+05:30  INFO 17804 --- [http-nio-8282-exec-2] c.m.m.t.client.AccountServiceClient      : AccountResponseDTO(accountId=1, customer=com.msedcl.main.transaction.dto.CustomerResponseDTO@2c7b65b5, accountType=Savings, balance=25000.0)
2026-06-03T11:28:38.095+05:30  INFO 17804 --- [http-nio-8282-exec-2] c.m.m.t.c.TransactionController          : Transaction Completed Successfully!!
2026-06-03T11:28:38.096+05:30  INFO 17804 --- [http-nio-8282-exec-2] c.m.m.t.c.TransactionController          : com.msedcl.main.transaction.dto.TransactionResponseDTO@e99a2fd
2026-06-03T11:36:14.418+05:30  INFO 17804 --- [http-nio-8282-exec-5] c.m.m.t.c.TransactionController          : Request Received To Deposit Money
2026-06-03T11:36:14.419+05:30  INFO 17804 --- [http-nio-8282-exec-5] c.m.m.t.c.TransactionController          : TransactionRequestDTO(accountId=2, amount=5000.0)
2026-06-03T11:36:14.450+05:30  INFO 17804 --- [http-nio-8282-exec-5] c.m.m.t.service.TransactionServiceImpl   : Balance updated for :: accountId2
2026-06-03T11:36:14.457+05:30  INFO 17804 --- [http-nio-8282-exec-5] c.m.m.t.service.TransactionServiceImpl   : Transaction details saved into table with transactionId :: 5
2026-06-03T11:36:14.478+05:30  INFO 17804 --- [http-nio-8282-exec-5] c.m.m.t.client.AccountServiceClient      : AccountResponseDTO(accountId=2, customer=com.msedcl.main.transaction.dto.CustomerResponseDTO@89fa563, accountType=Current, balance=5000.0)
2026-06-03T11:36:14.478+05:30  INFO 17804 --- [http-nio-8282-exec-5] c.m.m.t.c.TransactionController          : Transaction Completed Successfully!!
2026-06-03T11:36:14.478+05:30  INFO 17804 --- [http-nio-8282-exec-5] c.m.m.t.c.TransactionController          : com.msedcl.main.transaction.dto.TransactionResponseDTO@31afc377
2026-06-03T11:37:37.047+05:30  WARN 17804 --- [http-nio-8282-exec-8] .m.m.a.ExceptionHandlerExceptionResolver : Resolved [org.springframework.web.servlet.resource.NoResourceFoundException: No static resource transactionsapi/transactions/withdraw for request '/transactionsapi/transactions/withdraw'.]
2026-06-03T11:37:57.758+05:30  INFO 17804 --- [File Watcher] rtingClassPathChangeChangedEventListener : Restarting due to 1 class path change (0 additions, 0 deletions, 1 modification)
2026-06-03T11:37:57.764+05:30  INFO 17804 --- [Thread-1] o.s.boot.tomcat.GracefulShutdown         : Commencing graceful shutdown. Waiting for active requests to complete
2026-06-03T11:37:57.769+05:30  INFO 17804 --- [tomcat-shutdown] o.s.boot.tomcat.GracefulShutdown         : Graceful shutdown complete
2026-06-03T11:37:57.775+05:30  INFO 17804 --- [Thread-1] j.LocalContainerEntityManagerFactoryBean : Closing JPA EntityManagerFactory for persistence unit 'default'
2026-06-03T11:37:57.779+05:30  INFO 17804 --- [Thread-1] com.zaxxer.hikari.HikariDataSource       : HikariPool-1 - Shutdown initiated...
2026-06-03T11:37:57.786+05:30  INFO 17804 --- [Thread-1] com.zaxxer.hikari.HikariDataSource       : HikariPool-1 - Shutdown completed.
2026-06-03T11:37:57.894+05:30  INFO 17804 --- [restartedMain] c.msedcl.main.transaction.Application    : Starting Application using Java 25.0.1 with PID 17804 (C:\Training\Spring Boot Microservices\03_TransactionService\target\classes started by student5 in C:\Training\Spring Boot Microservices\03_TransactionService)
2026-06-03T11:37:57.894+05:30  INFO 17804 --- [restartedMain] c.msedcl.main.transaction.Application    : No active profile set, falling back to 1 default profile: "default"
2026-06-03T11:37:58.125+05:30  INFO 17804 --- [restartedMain] .s.d.r.c.RepositoryConfigurationDelegate : Bootstrapping Spring Data JPA repositories in DEFAULT mode.
2026-06-03T11:37:58.157+05:30  INFO 17804 --- [restartedMain] .s.d.r.c.RepositoryConfigurationDelegate : Finished Spring Data repository scanning in 24 ms. Found 1 JPA repository interface.
2026-06-03T11:37:58.284+05:30  INFO 17804 --- [restartedMain] o.s.boot.tomcat.TomcatWebServer          : Tomcat initialized with port 8282 (http)
2026-06-03T11:37:58.285+05:30  INFO 17804 --- [restartedMain] o.apache.catalina.core.StandardService   : Starting service [Tomcat]
2026-06-03T11:37:58.285+05:30  INFO 17804 --- [restartedMain] o.apache.catalina.core.StandardEngine    : Starting Servlet engine: [Apache Tomcat/11.0.21]
2026-06-03T11:37:58.311+05:30  INFO 17804 --- [restartedMain] b.w.c.s.WebApplicationContextInitializer : Root WebApplicationContext: initialization completed in 414 ms
2026-06-03T11:37:58.348+05:30  INFO 17804 --- [restartedMain] com.zaxxer.hikari.HikariDataSource       : HikariPool-2 - Starting...
2026-06-03T11:37:58.369+05:30  INFO 17804 --- [restartedMain] com.zaxxer.hikari.pool.HikariPool        : HikariPool-2 - Added connection com.mysql.cj.jdbc.ConnectionImpl@cbef14d
2026-06-03T11:37:58.369+05:30  INFO 17804 --- [restartedMain] com.zaxxer.hikari.HikariDataSource       : HikariPool-2 - Start completed.
2026-06-03T11:37:58.370+05:30  INFO 17804 --- [restartedMain] org.hibernate.orm.jpa                    : HHH008540: Processing PersistenceUnitInfo [name: default]
2026-06-03T11:37:58.412+05:30  INFO 17804 --- [restartedMain] o.s.o.j.p.SpringPersistenceUnitInfo      : No LoadTimeWeaver setup: ignoring JPA class transformer
2026-06-03T11:37:58.415+05:30  INFO 17804 --- [restartedMain] org.hibernate.orm.connections.pooling    : HHH10001005: Database info:
	Database JDBC URL [jdbc:mysql://localhost:3306/transaction_db]
	Database driver: MySQL Connector/J
	Database dialect: MySQLDialect
	Database version: 8.0.45
	Default catalog/schema: transaction_db/undefined
	Autocommit mode: undefined/unknown
	Isolation level: REPEATABLE_READ [default REPEATABLE_READ]
	JDBC fetch size: none
	Pool: DataSourceConnectionProvider
	Minimum pool size: undefined/unknown
	Maximum pool size: undefined/unknown
2026-06-03T11:37:58.500+05:30  INFO 17804 --- [restartedMain] org.hibernate.orm.core                   : HHH000489: No JTA platform available (set 'hibernate.transaction.jta.platform' to enable JTA platform integration)
2026-06-03T11:37:58.510+05:30  INFO 17804 --- [restartedMain] j.LocalContainerEntityManagerFactoryBean : Initialized JPA EntityManagerFactory for persistence unit 'default'
2026-06-03T11:37:58.676+05:30  WARN 17804 --- [restartedMain] JpaBaseConfiguration$JpaWebConfiguration : spring.jpa.open-in-view is enabled by default. Therefore, database queries may be performed during view rendering. Explicitly configure spring.jpa.open-in-view to disable this warning
2026-06-03T11:37:58.862+05:30  INFO 17804 --- [restartedMain] o.s.boot.tomcat.TomcatWebServer          : Tomcat started on port 8282 (http) with context path '/'
2026-06-03T11:37:58.870+05:30  INFO 17804 --- [restartedMain] c.msedcl.main.transaction.Application    : Started Application in 1.008 seconds (process running for 590.321)
2026-06-03T11:37:58.873+05:30  INFO 17804 --- [restartedMain] .ConditionEvaluationDeltaLoggingListener : Condition evaluation unchanged
2026-06-03T11:38:02.790+05:30  INFO 17804 --- [http-nio-8282-exec-2] o.a.c.c.C.[Tomcat].[localhost].[/]       : Initializing Spring DispatcherServlet 'dispatcherServlet'
2026-06-03T11:38:02.790+05:30  INFO 17804 --- [http-nio-8282-exec-2] o.s.web.servlet.DispatcherServlet        : Initializing Servlet 'dispatcherServlet'
2026-06-03T11:38:02.791+05:30  INFO 17804 --- [http-nio-8282-exec-2] o.s.web.servlet.DispatcherServlet        : Completed initialization in 1 ms
2026-06-03T11:38:02.846+05:30  INFO 17804 --- [http-nio-8282-exec-2] c.m.m.t.service.TransactionServiceImpl   : Balance updated for :: accountId2
2026-06-03T11:38:02.859+05:30  INFO 17804 --- [http-nio-8282-exec-2] c.m.m.t.service.TransactionServiceImpl   : Transaction details saved into table with transactionId :: 6
2026-06-03T11:38:02.877+05:30  INFO 17804 --- [http-nio-8282-exec-2] c.m.m.t.client.AccountServiceClient      : AccountResponseDTO(accountId=2, customer=com.msedcl.main.transaction.dto.CustomerResponseDTO@51fcade6, accountType=Current, balance=4800.0)
2026-06-03T11:40:51.646+05:30  INFO 17804 --- [File Watcher] rtingClassPathChangeChangedEventListener : Restarting due to 1 class path change (0 additions, 0 deletions, 1 modification)
2026-06-03T11:40:51.648+05:30  INFO 17804 --- [Thread-5] o.s.boot.tomcat.GracefulShutdown         : Commencing graceful shutdown. Waiting for active requests to complete
2026-06-03T11:40:51.651+05:30  INFO 17804 --- [tomcat-shutdown] o.s.boot.tomcat.GracefulShutdown         : Graceful shutdown complete
2026-06-03T11:40:51.653+05:30  INFO 17804 --- [Thread-5] j.LocalContainerEntityManagerFactoryBean : Closing JPA EntityManagerFactory for persistence unit 'default'
2026-06-03T11:40:51.654+05:30  INFO 17804 --- [Thread-5] com.zaxxer.hikari.HikariDataSource       : HikariPool-2 - Shutdown initiated...
2026-06-03T11:40:51.659+05:30  INFO 17804 --- [Thread-5] com.zaxxer.hikari.HikariDataSource       : HikariPool-2 - Shutdown completed.
2026-06-03T11:40:51.751+05:30  INFO 17804 --- [restartedMain] c.msedcl.main.transaction.Application    : Starting Application using Java 25.0.1 with PID 17804 (C:\Training\Spring Boot Microservices\03_TransactionService\target\classes started by student5 in C:\Training\Spring Boot Microservices\03_TransactionService)
2026-06-03T11:40:51.751+05:30  INFO 17804 --- [restartedMain] c.msedcl.main.transaction.Application    : No active profile set, falling back to 1 default profile: "default"
2026-06-03T11:40:51.929+05:30  INFO 17804 --- [restartedMain] .s.d.r.c.RepositoryConfigurationDelegate : Bootstrapping Spring Data JPA repositories in DEFAULT mode.
2026-06-03T11:40:51.946+05:30  INFO 17804 --- [restartedMain] .s.d.r.c.RepositoryConfigurationDelegate : Finished Spring Data repository scanning in 15 ms. Found 1 JPA repository interface.
2026-06-03T11:40:52.050+05:30  INFO 17804 --- [restartedMain] o.s.boot.tomcat.TomcatWebServer          : Tomcat initialized with port 8282 (http)
2026-06-03T11:40:52.051+05:30  INFO 17804 --- [restartedMain] o.apache.catalina.core.StandardService   : Starting service [Tomcat]
2026-06-03T11:40:52.051+05:30  INFO 17804 --- [restartedMain] o.apache.catalina.core.StandardEngine    : Starting Servlet engine: [Apache Tomcat/11.0.21]
2026-06-03T11:40:52.073+05:30  INFO 17804 --- [restartedMain] b.w.c.s.WebApplicationContextInitializer : Root WebApplicationContext: initialization completed in 320 ms
2026-06-03T11:40:52.107+05:30  INFO 17804 --- [restartedMain] com.zaxxer.hikari.HikariDataSource       : HikariPool-3 - Starting...
2026-06-03T11:40:52.126+05:30  INFO 17804 --- [restartedMain] com.zaxxer.hikari.pool.HikariPool        : HikariPool-3 - Added connection com.mysql.cj.jdbc.ConnectionImpl@6e9abade
2026-06-03T11:40:52.126+05:30  INFO 17804 --- [restartedMain] com.zaxxer.hikari.HikariDataSource       : HikariPool-3 - Start completed.
2026-06-03T11:40:52.128+05:30  INFO 17804 --- [restartedMain] org.hibernate.orm.jpa                    : HHH008540: Processing PersistenceUnitInfo [name: default]
2026-06-03T11:40:52.166+05:30  INFO 17804 --- [restartedMain] o.s.o.j.p.SpringPersistenceUnitInfo      : No LoadTimeWeaver setup: ignoring JPA class transformer
2026-06-03T11:40:52.169+05:30  INFO 17804 --- [restartedMain] org.hibernate.orm.connections.pooling    : HHH10001005: Database info:
	Database JDBC URL [jdbc:mysql://localhost:3306/transaction_db]
	Database driver: MySQL Connector/J
	Database dialect: MySQLDialect
	Database version: 8.0.45
	Default catalog/schema: transaction_db/undefined
	Autocommit mode: undefined/unknown
	Isolation level: REPEATABLE_READ [default REPEATABLE_READ]
	JDBC fetch size: none
	Pool: DataSourceConnectionProvider
	Minimum pool size: undefined/unknown
	Maximum pool size: undefined/unknown
2026-06-03T11:40:52.230+05:30  INFO 17804 --- [restartedMain] org.hibernate.orm.core                   : HHH000489: No JTA platform available (set 'hibernate.transaction.jta.platform' to enable JTA platform integration)
2026-06-03T11:40:52.231+05:30  INFO 17804 --- [restartedMain] j.LocalContainerEntityManagerFactoryBean : Initialized JPA EntityManagerFactory for persistence unit 'default'
2026-06-03T11:40:52.356+05:30  WARN 17804 --- [restartedMain] JpaBaseConfiguration$JpaWebConfiguration : spring.jpa.open-in-view is enabled by default. Therefore, database queries may be performed during view rendering. Explicitly configure spring.jpa.open-in-view to disable this warning
2026-06-03T11:40:52.462+05:30  INFO 17804 --- [restartedMain] o.s.boot.tomcat.TomcatWebServer          : Tomcat started on port 8282 (http) with context path '/'
2026-06-03T11:40:52.469+05:30  INFO 17804 --- [restartedMain] c.msedcl.main.transaction.Application    : Started Application in 0.746 seconds (process running for 763.92)
2026-06-03T11:40:52.472+05:30  INFO 17804 --- [restartedMain] .ConditionEvaluationDeltaLoggingListener : Condition evaluation unchanged
2026-06-03T11:41:19.117+05:30  INFO 17804 --- [File Watcher] rtingClassPathChangeChangedEventListener : Restarting due to 1 class path change (0 additions, 0 deletions, 1 modification)
2026-06-03T11:41:19.119+05:30  INFO 17804 --- [Thread-9] o.s.boot.tomcat.GracefulShutdown         : Commencing graceful shutdown. Waiting for active requests to complete
2026-06-03T11:41:19.121+05:30  INFO 17804 --- [tomcat-shutdown] o.s.boot.tomcat.GracefulShutdown         : Graceful shutdown complete
2026-06-03T11:41:19.124+05:30  INFO 17804 --- [Thread-9] j.LocalContainerEntityManagerFactoryBean : Closing JPA EntityManagerFactory for persistence unit 'default'
2026-06-03T11:41:19.124+05:30  INFO 17804 --- [Thread-9] com.zaxxer.hikari.HikariDataSource       : HikariPool-3 - Shutdown initiated...
2026-06-03T11:41:19.128+05:30  INFO 17804 --- [Thread-9] com.zaxxer.hikari.HikariDataSource       : HikariPool-3 - Shutdown completed.
2026-06-03T11:41:19.211+05:30  INFO 17804 --- [restartedMain] c.msedcl.main.transaction.Application    : Starting Application using Java 25.0.1 with PID 17804 (C:\Training\Spring Boot Microservices\03_TransactionService\target\classes started by student5 in C:\Training\Spring Boot Microservices\03_TransactionService)
2026-06-03T11:41:19.212+05:30  INFO 17804 --- [restartedMain] c.msedcl.main.transaction.Application    : No active profile set, falling back to 1 default profile: "default"
2026-06-03T11:41:19.379+05:30  INFO 17804 --- [restartedMain] .s.d.r.c.RepositoryConfigurationDelegate : Bootstrapping Spring Data JPA repositories in DEFAULT mode.
2026-06-03T11:41:19.394+05:30  INFO 17804 --- [restartedMain] .s.d.r.c.RepositoryConfigurationDelegate : Finished Spring Data repository scanning in 12 ms. Found 1 JPA repository interface.
2026-06-03T11:41:19.479+05:30  INFO 17804 --- [restartedMain] o.s.boot.tomcat.TomcatWebServer          : Tomcat initialized with port 8282 (http)
2026-06-03T11:41:19.480+05:30  INFO 17804 --- [restartedMain] o.apache.catalina.core.StandardService   : Starting service [Tomcat]
2026-06-03T11:41:19.480+05:30  INFO 17804 --- [restartedMain] o.apache.catalina.core.StandardEngine    : Starting Servlet engine: [Apache Tomcat/11.0.21]
2026-06-03T11:41:19.501+05:30  INFO 17804 --- [restartedMain] b.w.c.s.WebApplicationContextInitializer : Root WebApplicationContext: initialization completed in 287 ms
2026-06-03T11:41:19.531+05:30  INFO 17804 --- [restartedMain] com.zaxxer.hikari.HikariDataSource       : HikariPool-4 - Starting...
2026-06-03T11:41:19.549+05:30  INFO 17804 --- [restartedMain] com.zaxxer.hikari.pool.HikariPool        : HikariPool-4 - Added connection com.mysql.cj.jdbc.ConnectionImpl@1beed377
2026-06-03T11:41:19.549+05:30  INFO 17804 --- [restartedMain] com.zaxxer.hikari.HikariDataSource       : HikariPool-4 - Start completed.
2026-06-03T11:41:19.550+05:30  INFO 17804 --- [restartedMain] org.hibernate.orm.jpa                    : HHH008540: Processing PersistenceUnitInfo [name: default]
2026-06-03T11:41:19.587+05:30  INFO 17804 --- [restartedMain] o.s.o.j.p.SpringPersistenceUnitInfo      : No LoadTimeWeaver setup: ignoring JPA class transformer
2026-06-03T11:41:19.590+05:30  INFO 17804 --- [restartedMain] org.hibernate.orm.connections.pooling    : HHH10001005: Database info:
	Database JDBC URL [jdbc:mysql://localhost:3306/transaction_db]
	Database driver: MySQL Connector/J
	Database dialect: MySQLDialect
	Database version: 8.0.45
	Default catalog/schema: transaction_db/undefined
	Autocommit mode: undefined/unknown
	Isolation level: REPEATABLE_READ [default REPEATABLE_READ]
	JDBC fetch size: none
	Pool: DataSourceConnectionProvider
	Minimum pool size: undefined/unknown
	Maximum pool size: undefined/unknown
2026-06-03T11:41:19.647+05:30  INFO 17804 --- [restartedMain] org.hibernate.orm.core                   : HHH000489: No JTA platform available (set 'hibernate.transaction.jta.platform' to enable JTA platform integration)
2026-06-03T11:41:19.650+05:30  INFO 17804 --- [restartedMain] j.LocalContainerEntityManagerFactoryBean : Initialized JPA EntityManagerFactory for persistence unit 'default'
2026-06-03T11:41:19.753+05:30  WARN 17804 --- [restartedMain] JpaBaseConfiguration$JpaWebConfiguration : spring.jpa.open-in-view is enabled by default. Therefore, database queries may be performed during view rendering. Explicitly configure spring.jpa.open-in-view to disable this warning
2026-06-03T11:41:19.847+05:30  INFO 17804 --- [restartedMain] o.s.boot.tomcat.TomcatWebServer          : Tomcat started on port 8282 (http) with context path '/'
2026-06-03T11:41:19.850+05:30  INFO 17804 --- [restartedMain] c.msedcl.main.transaction.Application    : Started Application in 0.665 seconds (process running for 791.302)
2026-06-03T11:41:19.853+05:30  INFO 17804 --- [restartedMain] .ConditionEvaluationDeltaLoggingListener : Condition evaluation unchanged
2026-06-03T11:41:40.487+05:30  INFO 17804 --- [File Watcher] rtingClassPathChangeChangedEventListener : Restarting due to 1 class path change (0 additions, 0 deletions, 1 modification)
2026-06-03T11:41:40.488+05:30  INFO 17804 --- [Thread-13] o.s.boot.tomcat.GracefulShutdown         : Commencing graceful shutdown. Waiting for active requests to complete
2026-06-03T11:41:40.491+05:30  INFO 17804 --- [tomcat-shutdown] o.s.boot.tomcat.GracefulShutdown         : Graceful shutdown complete
2026-06-03T11:41:40.496+05:30  INFO 17804 --- [Thread-13] j.LocalContainerEntityManagerFactoryBean : Closing JPA EntityManagerFactory for persistence unit 'default'
2026-06-03T11:41:40.497+05:30  INFO 17804 --- [Thread-13] com.zaxxer.hikari.HikariDataSource       : HikariPool-4 - Shutdown initiated...
2026-06-03T11:41:40.502+05:30  INFO 17804 --- [Thread-13] com.zaxxer.hikari.HikariDataSource       : HikariPool-4 - Shutdown completed.
2026-06-03T11:41:40.617+05:30  INFO 17804 --- [restartedMain] c.msedcl.main.transaction.Application    : Starting Application using Java 25.0.1 with PID 17804 (C:\Training\Spring Boot Microservices\03_TransactionService\target\classes started by student5 in C:\Training\Spring Boot Microservices\03_TransactionService)
2026-06-03T11:41:40.617+05:30  INFO 17804 --- [restartedMain] c.msedcl.main.transaction.Application    : No active profile set, falling back to 1 default profile: "default"
2026-06-03T11:41:40.836+05:30  INFO 17804 --- [restartedMain] .s.d.r.c.RepositoryConfigurationDelegate : Bootstrapping Spring Data JPA repositories in DEFAULT mode.
2026-06-03T11:41:40.849+05:30  INFO 17804 --- [restartedMain] .s.d.r.c.RepositoryConfigurationDelegate : Finished Spring Data repository scanning in 11 ms. Found 1 JPA repository interface.
2026-06-03T11:41:40.939+05:30  INFO 17804 --- [restartedMain] o.s.boot.tomcat.TomcatWebServer          : Tomcat initialized with port 8282 (http)
2026-06-03T11:41:40.940+05:30  INFO 17804 --- [restartedMain] o.apache.catalina.core.StandardService   : Starting service [Tomcat]
2026-06-03T11:41:40.940+05:30  INFO 17804 --- [restartedMain] o.apache.catalina.core.StandardEngine    : Starting Servlet engine: [Apache Tomcat/11.0.21]
2026-06-03T11:41:40.961+05:30  INFO 17804 --- [restartedMain] b.w.c.s.WebApplicationContextInitializer : Root WebApplicationContext: initialization completed in 342 ms
2026-06-03T11:41:40.995+05:30  INFO 17804 --- [restartedMain] com.zaxxer.hikari.HikariDataSource       : HikariPool-5 - Starting...
2026-06-03T11:41:41.013+05:30  INFO 17804 --- [restartedMain] com.zaxxer.hikari.pool.HikariPool        : HikariPool-5 - Added connection com.mysql.cj.jdbc.ConnectionImpl@7f66e90a
2026-06-03T11:41:41.013+05:30  INFO 17804 --- [restartedMain] com.zaxxer.hikari.HikariDataSource       : HikariPool-5 - Start completed.
2026-06-03T11:41:41.014+05:30  INFO 17804 --- [restartedMain] org.hibernate.orm.jpa                    : HHH008540: Processing PersistenceUnitInfo [name: default]
2026-06-03T11:41:41.053+05:30  INFO 17804 --- [restartedMain] o.s.o.j.p.SpringPersistenceUnitInfo      : No LoadTimeWeaver setup: ignoring JPA class transformer
2026-06-03T11:41:41.057+05:30  INFO 17804 --- [restartedMain] org.hibernate.orm.connections.pooling    : HHH10001005: Database info:
	Database JDBC URL [jdbc:mysql://localhost:3306/transaction_db]
	Database driver: MySQL Connector/J
	Database dialect: MySQLDialect
	Database version: 8.0.45
	Default catalog/schema: transaction_db/undefined
	Autocommit mode: undefined/unknown
	Isolation level: REPEATABLE_READ [default REPEATABLE_READ]
	JDBC fetch size: none
	Pool: DataSourceConnectionProvider
	Minimum pool size: undefined/unknown
	Maximum pool size: undefined/unknown
2026-06-03T11:41:41.132+05:30  INFO 17804 --- [restartedMain] org.hibernate.orm.core                   : HHH000489: No JTA platform available (set 'hibernate.transaction.jta.platform' to enable JTA platform integration)
2026-06-03T11:41:41.134+05:30  INFO 17804 --- [restartedMain] j.LocalContainerEntityManagerFactoryBean : Initialized JPA EntityManagerFactory for persistence unit 'default'
2026-06-03T11:41:41.229+05:30  WARN 17804 --- [restartedMain] JpaBaseConfiguration$JpaWebConfiguration : spring.jpa.open-in-view is enabled by default. Therefore, database queries may be performed during view rendering. Explicitly configure spring.jpa.open-in-view to disable this warning
2026-06-03T11:41:41.322+05:30  INFO 17804 --- [restartedMain] o.s.boot.tomcat.TomcatWebServer          : Tomcat started on port 8282 (http) with context path '/'
2026-06-03T11:41:41.329+05:30  INFO 17804 --- [restartedMain] c.msedcl.main.transaction.Application    : Started Application in 0.749 seconds (process running for 812.781)
2026-06-03T11:41:41.333+05:30  INFO 17804 --- [restartedMain] .ConditionEvaluationDeltaLoggingListener : Condition evaluation unchanged
2026-06-03T11:41:42.721+05:30  INFO 17804 --- [File Watcher] rtingClassPathChangeChangedEventListener : Restarting due to 1 class path change (0 additions, 0 deletions, 1 modification)
2026-06-03T11:41:42.723+05:30  INFO 17804 --- [Thread-17] o.s.boot.tomcat.GracefulShutdown         : Commencing graceful shutdown. Waiting for active requests to complete
2026-06-03T11:41:42.726+05:30  INFO 17804 --- [tomcat-shutdown] o.s.boot.tomcat.GracefulShutdown         : Graceful shutdown complete
2026-06-03T11:41:42.728+05:30  INFO 17804 --- [Thread-17] j.LocalContainerEntityManagerFactoryBean : Closing JPA EntityManagerFactory for persistence unit 'default'
2026-06-03T11:41:42.729+05:30  INFO 17804 --- [Thread-17] com.zaxxer.hikari.HikariDataSource       : HikariPool-5 - Shutdown initiated...
2026-06-03T11:41:42.733+05:30  INFO 17804 --- [Thread-17] com.zaxxer.hikari.HikariDataSource       : HikariPool-5 - Shutdown completed.
2026-06-03T11:41:42.815+05:30  INFO 17804 --- [restartedMain] c.msedcl.main.transaction.Application    : Starting Application using Java 25.0.1 with PID 17804 (C:\Training\Spring Boot Microservices\03_TransactionService\target\classes started by student5 in C:\Training\Spring Boot Microservices\03_TransactionService)
2026-06-03T11:41:42.816+05:30  INFO 17804 --- [restartedMain] c.msedcl.main.transaction.Application    : No active profile set, falling back to 1 default profile: "default"
2026-06-03T11:41:42.983+05:30  INFO 17804 --- [restartedMain] .s.d.r.c.RepositoryConfigurationDelegate : Bootstrapping Spring Data JPA repositories in DEFAULT mode.
2026-06-03T11:41:42.996+05:30  INFO 17804 --- [restartedMain] .s.d.r.c.RepositoryConfigurationDelegate : Finished Spring Data repository scanning in 10 ms. Found 1 JPA repository interface.
2026-06-03T11:41:43.078+05:30  INFO 17804 --- [restartedMain] o.s.boot.tomcat.TomcatWebServer          : Tomcat initialized with port 8282 (http)
2026-06-03T11:41:43.079+05:30  INFO 17804 --- [restartedMain] o.apache.catalina.core.StandardService   : Starting service [Tomcat]
2026-06-03T11:41:43.079+05:30  INFO 17804 --- [restartedMain] o.apache.catalina.core.StandardEngine    : Starting Servlet engine: [Apache Tomcat/11.0.21]
2026-06-03T11:41:43.100+05:30  INFO 17804 --- [restartedMain] b.w.c.s.WebApplicationContextInitializer : Root WebApplicationContext: initialization completed in 283 ms
2026-06-03T11:41:43.136+05:30  INFO 17804 --- [restartedMain] com.zaxxer.hikari.HikariDataSource       : HikariPool-6 - Starting...
2026-06-03T11:41:43.154+05:30  INFO 17804 --- [restartedMain] com.zaxxer.hikari.pool.HikariPool        : HikariPool-6 - Added connection com.mysql.cj.jdbc.ConnectionImpl@2db7eaec
2026-06-03T11:41:43.155+05:30  INFO 17804 --- [restartedMain] com.zaxxer.hikari.HikariDataSource       : HikariPool-6 - Start completed.
2026-06-03T11:41:43.156+05:30  INFO 17804 --- [restartedMain] org.hibernate.orm.jpa                    : HHH008540: Processing PersistenceUnitInfo [name: default]
2026-06-03T11:41:43.194+05:30  INFO 17804 --- [restartedMain] o.s.o.j.p.SpringPersistenceUnitInfo      : No LoadTimeWeaver setup: ignoring JPA class transformer
2026-06-03T11:41:43.197+05:30  INFO 17804 --- [restartedMain] org.hibernate.orm.connections.pooling    : HHH10001005: Database info:
	Database JDBC URL [jdbc:mysql://localhost:3306/transaction_db]
	Database driver: MySQL Connector/J
	Database dialect: MySQLDialect
	Database version: 8.0.45
	Default catalog/schema: transaction_db/undefined
	Autocommit mode: undefined/unknown
	Isolation level: REPEATABLE_READ [default REPEATABLE_READ]
	JDBC fetch size: none
	Pool: DataSourceConnectionProvider
	Minimum pool size: undefined/unknown
	Maximum pool size: undefined/unknown
2026-06-03T11:41:43.268+05:30  INFO 17804 --- [restartedMain] org.hibernate.orm.core                   : HHH000489: No JTA platform available (set 'hibernate.transaction.jta.platform' to enable JTA platform integration)
2026-06-03T11:41:43.269+05:30  INFO 17804 --- [restartedMain] j.LocalContainerEntityManagerFactoryBean : Initialized JPA EntityManagerFactory for persistence unit 'default'
2026-06-03T11:41:43.354+05:30  WARN 17804 --- [restartedMain] JpaBaseConfiguration$JpaWebConfiguration : spring.jpa.open-in-view is enabled by default. Therefore, database queries may be performed during view rendering. Explicitly configure spring.jpa.open-in-view to disable this warning
2026-06-03T11:41:43.446+05:30  INFO 17804 --- [restartedMain] o.s.boot.tomcat.TomcatWebServer          : Tomcat started on port 8282 (http) with context path '/'
2026-06-03T11:41:43.453+05:30  INFO 17804 --- [restartedMain] c.msedcl.main.transaction.Application    : Started Application in 0.664 seconds (process running for 814.905)
2026-06-03T11:41:43.454+05:30  INFO 17804 --- [restartedMain] .ConditionEvaluationDeltaLoggingListener : Condition evaluation unchanged
2026-06-03T11:41:50.897+05:30  INFO 17804 --- [File Watcher] rtingClassPathChangeChangedEventListener : Restarting due to 1 class path change (0 additions, 0 deletions, 1 modification)
2026-06-03T11:41:50.898+05:30  INFO 17804 --- [Thread-21] o.s.boot.tomcat.GracefulShutdown         : Commencing graceful shutdown. Waiting for active requests to complete
2026-06-03T11:41:50.902+05:30  INFO 17804 --- [tomcat-shutdown] o.s.boot.tomcat.GracefulShutdown         : Graceful shutdown complete
2026-06-03T11:41:50.904+05:30  INFO 17804 --- [Thread-21] j.LocalContainerEntityManagerFactoryBean : Closing JPA EntityManagerFactory for persistence unit 'default'
2026-06-03T11:41:50.905+05:30  INFO 17804 --- [Thread-21] com.zaxxer.hikari.HikariDataSource       : HikariPool-6 - Shutdown initiated...
2026-06-03T11:41:50.911+05:30  INFO 17804 --- [Thread-21] com.zaxxer.hikari.HikariDataSource       : HikariPool-6 - Shutdown completed.
2026-06-03T11:41:51.003+05:30  INFO 17804 --- [restartedMain] c.msedcl.main.transaction.Application    : Starting Application using Java 25.0.1 with PID 17804 (C:\Training\Spring Boot Microservices\03_TransactionService\target\classes started by student5 in C:\Training\Spring Boot Microservices\03_TransactionService)
2026-06-03T11:41:51.004+05:30  INFO 17804 --- [restartedMain] c.msedcl.main.transaction.Application    : No active profile set, falling back to 1 default profile: "default"
2026-06-03T11:41:51.165+05:30  INFO 17804 --- [restartedMain] .s.d.r.c.RepositoryConfigurationDelegate : Bootstrapping Spring Data JPA repositories in DEFAULT mode.
2026-06-03T11:41:51.179+05:30  INFO 17804 --- [restartedMain] .s.d.r.c.RepositoryConfigurationDelegate : Finished Spring Data repository scanning in 12 ms. Found 1 JPA repository interface.
2026-06-03T11:41:51.261+05:30  INFO 17804 --- [restartedMain] o.s.boot.tomcat.TomcatWebServer          : Tomcat initialized with port 8282 (http)
2026-06-03T11:41:51.262+05:30  INFO 17804 --- [restartedMain] o.apache.catalina.core.StandardService   : Starting service [Tomcat]
2026-06-03T11:41:51.262+05:30  INFO 17804 --- [restartedMain] o.apache.catalina.core.StandardEngine    : Starting Servlet engine: [Apache Tomcat/11.0.21]
2026-06-03T11:41:51.284+05:30  INFO 17804 --- [restartedMain] b.w.c.s.WebApplicationContextInitializer : Root WebApplicationContext: initialization completed in 278 ms
2026-06-03T11:41:51.319+05:30  INFO 17804 --- [restartedMain] com.zaxxer.hikari.HikariDataSource       : HikariPool-7 - Starting...
2026-06-03T11:41:51.337+05:30  INFO 17804 --- [restartedMain] com.zaxxer.hikari.pool.HikariPool        : HikariPool-7 - Added connection com.mysql.cj.jdbc.ConnectionImpl@517e498b
2026-06-03T11:41:51.338+05:30  INFO 17804 --- [restartedMain] com.zaxxer.hikari.HikariDataSource       : HikariPool-7 - Start completed.
2026-06-03T11:41:51.339+05:30  INFO 17804 --- [restartedMain] org.hibernate.orm.jpa                    : HHH008540: Processing PersistenceUnitInfo [name: default]
2026-06-03T11:41:51.376+05:30  INFO 17804 --- [restartedMain] o.s.o.j.p.SpringPersistenceUnitInfo      : No LoadTimeWeaver setup: ignoring JPA class transformer
2026-06-03T11:41:51.379+05:30  INFO 17804 --- [restartedMain] org.hibernate.orm.connections.pooling    : HHH10001005: Database info:
	Database JDBC URL [jdbc:mysql://localhost:3306/transaction_db]
	Database driver: MySQL Connector/J
	Database dialect: MySQLDialect
	Database version: 8.0.45
	Default catalog/schema: transaction_db/undefined
	Autocommit mode: undefined/unknown
	Isolation level: REPEATABLE_READ [default REPEATABLE_READ]
	JDBC fetch size: none
	Pool: DataSourceConnectionProvider
	Minimum pool size: undefined/unknown
	Maximum pool size: undefined/unknown
2026-06-03T11:41:51.433+05:30  INFO 17804 --- [restartedMain] org.hibernate.orm.core                   : HHH000489: No JTA platform available (set 'hibernate.transaction.jta.platform' to enable JTA platform integration)
2026-06-03T11:41:51.435+05:30  INFO 17804 --- [restartedMain] j.LocalContainerEntityManagerFactoryBean : Initialized JPA EntityManagerFactory for persistence unit 'default'
2026-06-03T11:41:51.534+05:30  WARN 17804 --- [restartedMain] JpaBaseConfiguration$JpaWebConfiguration : spring.jpa.open-in-view is enabled by default. Therefore, database queries may be performed during view rendering. Explicitly configure spring.jpa.open-in-view to disable this warning
2026-06-03T11:41:51.637+05:30  INFO 17804 --- [restartedMain] o.s.boot.tomcat.TomcatWebServer          : Tomcat started on port 8282 (http) with context path '/'
2026-06-03T11:41:51.646+05:30  INFO 17804 --- [restartedMain] c.msedcl.main.transaction.Application    : Started Application in 0.676 seconds (process running for 823.097)
2026-06-03T11:41:51.647+05:30  INFO 17804 --- [restartedMain] .ConditionEvaluationDeltaLoggingListener : Condition evaluation unchanged
2026-06-03T11:41:53.037+05:30  INFO 17804 --- [File Watcher] rtingClassPathChangeChangedEventListener : Restarting due to 1 class path change (0 additions, 0 deletions, 1 modification)
2026-06-03T11:41:53.038+05:30  INFO 17804 --- [Thread-25] o.s.boot.tomcat.GracefulShutdown         : Commencing graceful shutdown. Waiting for active requests to complete
2026-06-03T11:41:53.042+05:30  INFO 17804 --- [tomcat-shutdown] o.s.boot.tomcat.GracefulShutdown         : Graceful shutdown complete
2026-06-03T11:41:53.044+05:30  INFO 17804 --- [Thread-25] j.LocalContainerEntityManagerFactoryBean : Closing JPA EntityManagerFactory for persistence unit 'default'
2026-06-03T11:41:53.045+05:30  INFO 17804 --- [Thread-25] com.zaxxer.hikari.HikariDataSource       : HikariPool-7 - Shutdown initiated...
2026-06-03T11:41:53.049+05:30  INFO 17804 --- [Thread-25] com.zaxxer.hikari.HikariDataSource       : HikariPool-7 - Shutdown completed.
2026-06-03T11:41:53.132+05:30  INFO 17804 --- [restartedMain] c.msedcl.main.transaction.Application    : Starting Application using Java 25.0.1 with PID 17804 (C:\Training\Spring Boot Microservices\03_TransactionService\target\classes started by student5 in C:\Training\Spring Boot Microservices\03_TransactionService)
2026-06-03T11:41:53.132+05:30  INFO 17804 --- [restartedMain] c.msedcl.main.transaction.Application    : No active profile set, falling back to 1 default profile: "default"
2026-06-03T11:41:53.298+05:30  INFO 17804 --- [restartedMain] .s.d.r.c.RepositoryConfigurationDelegate : Bootstrapping Spring Data JPA repositories in DEFAULT mode.
2026-06-03T11:41:53.311+05:30  INFO 17804 --- [restartedMain] .s.d.r.c.RepositoryConfigurationDelegate : Finished Spring Data repository scanning in 11 ms. Found 1 JPA repository interface.
2026-06-03T11:41:53.392+05:30  INFO 17804 --- [restartedMain] o.s.boot.tomcat.TomcatWebServer          : Tomcat initialized with port 8282 (http)
2026-06-03T11:41:53.393+05:30  INFO 17804 --- [restartedMain] o.apache.catalina.core.StandardService   : Starting service [Tomcat]
2026-06-03T11:41:53.393+05:30  INFO 17804 --- [restartedMain] o.apache.catalina.core.StandardEngine    : Starting Servlet engine: [Apache Tomcat/11.0.21]
2026-06-03T11:41:53.415+05:30  INFO 17804 --- [restartedMain] b.w.c.s.WebApplicationContextInitializer : Root WebApplicationContext: initialization completed in 281 ms
2026-06-03T11:41:53.450+05:30  INFO 17804 --- [restartedMain] com.zaxxer.hikari.HikariDataSource       : HikariPool-8 - Starting...
2026-06-03T11:41:53.467+05:30  INFO 17804 --- [restartedMain] com.zaxxer.hikari.pool.HikariPool        : HikariPool-8 - Added connection com.mysql.cj.jdbc.ConnectionImpl@53eceb8c
2026-06-03T11:41:53.468+05:30  INFO 17804 --- [restartedMain] com.zaxxer.hikari.HikariDataSource       : HikariPool-8 - Start completed.
2026-06-03T11:41:53.469+05:30  INFO 17804 --- [restartedMain] org.hibernate.orm.jpa                    : HHH008540: Processing PersistenceUnitInfo [name: default]
2026-06-03T11:41:53.502+05:30  INFO 17804 --- [restartedMain] o.s.o.j.p.SpringPersistenceUnitInfo      : No LoadTimeWeaver setup: ignoring JPA class transformer
2026-06-03T11:41:53.505+05:30  INFO 17804 --- [restartedMain] org.hibernate.orm.connections.pooling    : HHH10001005: Database info:
	Database JDBC URL [jdbc:mysql://localhost:3306/transaction_db]
	Database driver: MySQL Connector/J
	Database dialect: MySQLDialect
	Database version: 8.0.45
	Default catalog/schema: transaction_db/undefined
	Autocommit mode: undefined/unknown
	Isolation level: REPEATABLE_READ [default REPEATABLE_READ]
	JDBC fetch size: none
	Pool: DataSourceConnectionProvider
	Minimum pool size: undefined/unknown
	Maximum pool size: undefined/unknown
2026-06-03T11:41:53.564+05:30  INFO 17804 --- [restartedMain] org.hibernate.orm.core                   : HHH000489: No JTA platform available (set 'hibernate.transaction.jta.platform' to enable JTA platform integration)
2026-06-03T11:41:53.566+05:30  INFO 17804 --- [restartedMain] j.LocalContainerEntityManagerFactoryBean : Initialized JPA EntityManagerFactory for persistence unit 'default'
2026-06-03T11:41:53.659+05:30  WARN 17804 --- [restartedMain] JpaBaseConfiguration$JpaWebConfiguration : spring.jpa.open-in-view is enabled by default. Therefore, database queries may be performed during view rendering. Explicitly configure spring.jpa.open-in-view to disable this warning
2026-06-03T11:41:53.753+05:30  INFO 17804 --- [restartedMain] o.s.boot.tomcat.TomcatWebServer          : Tomcat started on port 8282 (http) with context path '/'
2026-06-03T11:41:53.758+05:30  INFO 17804 --- [restartedMain] c.msedcl.main.transaction.Application    : Started Application in 0.651 seconds (process running for 825.209)
2026-06-03T11:41:53.759+05:30  INFO 17804 --- [restartedMain] .ConditionEvaluationDeltaLoggingListener : Condition evaluation unchanged
2026-06-03T11:42:35.481+05:30  INFO 17804 --- [File Watcher] rtingClassPathChangeChangedEventListener : Restarting due to 1 class path change (0 additions, 0 deletions, 1 modification)
2026-06-03T11:42:35.483+05:30  INFO 17804 --- [Thread-29] o.s.boot.tomcat.GracefulShutdown         : Commencing graceful shutdown. Waiting for active requests to complete
2026-06-03T11:42:35.485+05:30  INFO 17804 --- [tomcat-shutdown] o.s.boot.tomcat.GracefulShutdown         : Graceful shutdown complete
2026-06-03T11:42:35.487+05:30  INFO 17804 --- [Thread-29] j.LocalContainerEntityManagerFactoryBean : Closing JPA EntityManagerFactory for persistence unit 'default'
2026-06-03T11:42:35.488+05:30  INFO 17804 --- [Thread-29] com.zaxxer.hikari.HikariDataSource       : HikariPool-8 - Shutdown initiated...
2026-06-03T11:42:35.491+05:30  INFO 17804 --- [Thread-29] com.zaxxer.hikari.HikariDataSource       : HikariPool-8 - Shutdown completed.
2026-06-03T11:42:35.574+05:30  INFO 17804 --- [restartedMain] c.msedcl.main.transaction.Application    : Starting Application using Java 25.0.1 with PID 17804 (C:\Training\Spring Boot Microservices\03_TransactionService\target\classes started by student5 in C:\Training\Spring Boot Microservices\03_TransactionService)
2026-06-03T11:42:35.574+05:30  INFO 17804 --- [restartedMain] c.msedcl.main.transaction.Application    : No active profile set, falling back to 1 default profile: "default"
2026-06-03T11:42:35.737+05:30  INFO 17804 --- [restartedMain] .s.d.r.c.RepositoryConfigurationDelegate : Bootstrapping Spring Data JPA repositories in DEFAULT mode.
2026-06-03T11:42:35.751+05:30  INFO 17804 --- [restartedMain] .s.d.r.c.RepositoryConfigurationDelegate : Finished Spring Data repository scanning in 11 ms. Found 1 JPA repository interface.
2026-06-03T11:42:35.834+05:30  INFO 17804 --- [restartedMain] o.s.boot.tomcat.TomcatWebServer          : Tomcat initialized with port 8282 (http)
2026-06-03T11:42:35.835+05:30  INFO 17804 --- [restartedMain] o.apache.catalina.core.StandardService   : Starting service [Tomcat]
2026-06-03T11:42:35.835+05:30  INFO 17804 --- [restartedMain] o.apache.catalina.core.StandardEngine    : Starting Servlet engine: [Apache Tomcat/11.0.21]
2026-06-03T11:42:35.855+05:30  INFO 17804 --- [restartedMain] b.w.c.s.WebApplicationContextInitializer : Root WebApplicationContext: initialization completed in 279 ms
2026-06-03T11:42:35.886+05:30  INFO 17804 --- [restartedMain] com.zaxxer.hikari.HikariDataSource       : HikariPool-9 - Starting...
2026-06-03T11:42:35.905+05:30  INFO 17804 --- [restartedMain] com.zaxxer.hikari.pool.HikariPool        : HikariPool-9 - Added connection com.mysql.cj.jdbc.ConnectionImpl@f96a171
2026-06-03T11:42:35.905+05:30  INFO 17804 --- [restartedMain] com.zaxxer.hikari.HikariDataSource       : HikariPool-9 - Start completed.
2026-06-03T11:42:35.906+05:30  INFO 17804 --- [restartedMain] org.hibernate.orm.jpa                    : HHH008540: Processing PersistenceUnitInfo [name: default]
2026-06-03T11:42:35.943+05:30  INFO 17804 --- [restartedMain] o.s.o.j.p.SpringPersistenceUnitInfo      : No LoadTimeWeaver setup: ignoring JPA class transformer
2026-06-03T11:42:35.946+05:30  INFO 17804 --- [restartedMain] org.hibernate.orm.connections.pooling    : HHH10001005: Database info:
	Database JDBC URL [jdbc:mysql://localhost:3306/transaction_db]
	Database driver: MySQL Connector/J
	Database dialect: MySQLDialect
	Database version: 8.0.45
	Default catalog/schema: transaction_db/undefined
	Autocommit mode: undefined/unknown
	Isolation level: REPEATABLE_READ [default REPEATABLE_READ]
	JDBC fetch size: none
	Pool: DataSourceConnectionProvider
	Minimum pool size: undefined/unknown
	Maximum pool size: undefined/unknown
2026-06-03T11:42:36.016+05:30  INFO 17804 --- [restartedMain] org.hibernate.orm.core                   : HHH000489: No JTA platform available (set 'hibernate.transaction.jta.platform' to enable JTA platform integration)
2026-06-03T11:42:36.017+05:30  INFO 17804 --- [restartedMain] j.LocalContainerEntityManagerFactoryBean : Initialized JPA EntityManagerFactory for persistence unit 'default'
2026-06-03T11:42:36.104+05:30  WARN 17804 --- [restartedMain] JpaBaseConfiguration$JpaWebConfiguration : spring.jpa.open-in-view is enabled by default. Therefore, database queries may be performed during view rendering. Explicitly configure spring.jpa.open-in-view to disable this warning
2026-06-03T11:42:36.196+05:30  INFO 17804 --- [restartedMain] o.s.boot.tomcat.TomcatWebServer          : Tomcat started on port 8282 (http) with context path '/'
2026-06-03T11:42:36.208+05:30  INFO 17804 --- [restartedMain] c.msedcl.main.transaction.Application    : Started Application in 0.658 seconds (process running for 867.66)
2026-06-03T11:42:36.211+05:30  INFO 17804 --- [restartedMain] .ConditionEvaluationDeltaLoggingListener : Condition evaluation unchanged
2026-06-03T11:42:52.714+05:30  INFO 17804 --- [File Watcher] rtingClassPathChangeChangedEventListener : Restarting due to 1 class path change (0 additions, 0 deletions, 1 modification)
2026-06-03T11:42:52.718+05:30  INFO 17804 --- [Thread-33] o.s.boot.tomcat.GracefulShutdown         : Commencing graceful shutdown. Waiting for active requests to complete
2026-06-03T11:42:52.721+05:30  INFO 17804 --- [tomcat-shutdown] o.s.boot.tomcat.GracefulShutdown         : Graceful shutdown complete
2026-06-03T11:42:52.723+05:30  INFO 17804 --- [Thread-33] j.LocalContainerEntityManagerFactoryBean : Closing JPA EntityManagerFactory for persistence unit 'default'
2026-06-03T11:42:52.724+05:30  INFO 17804 --- [Thread-33] com.zaxxer.hikari.HikariDataSource       : HikariPool-9 - Shutdown initiated...
2026-06-03T11:42:52.728+05:30  INFO 17804 --- [Thread-33] com.zaxxer.hikari.HikariDataSource       : HikariPool-9 - Shutdown completed.
2026-06-03T11:42:52.814+05:30  INFO 17804 --- [restartedMain] c.msedcl.main.transaction.Application    : Starting Application using Java 25.0.1 with PID 17804 (C:\Training\Spring Boot Microservices\03_TransactionService\target\classes started by student5 in C:\Training\Spring Boot Microservices\03_TransactionService)
2026-06-03T11:42:52.814+05:30  INFO 17804 --- [restartedMain] c.msedcl.main.transaction.Application    : No active profile set, falling back to 1 default profile: "default"
2026-06-03T11:42:52.975+05:30  INFO 17804 --- [restartedMain] .s.d.r.c.RepositoryConfigurationDelegate : Bootstrapping Spring Data JPA repositories in DEFAULT mode.
2026-06-03T11:42:52.989+05:30  INFO 17804 --- [restartedMain] .s.d.r.c.RepositoryConfigurationDelegate : Finished Spring Data repository scanning in 12 ms. Found 1 JPA repository interface.
2026-06-03T11:42:53.075+05:30  INFO 17804 --- [restartedMain] o.s.boot.tomcat.TomcatWebServer          : Tomcat initialized with port 8282 (http)
2026-06-03T11:42:53.076+05:30  INFO 17804 --- [restartedMain] o.apache.catalina.core.StandardService   : Starting service [Tomcat]
2026-06-03T11:42:53.076+05:30  INFO 17804 --- [restartedMain] o.apache.catalina.core.StandardEngine    : Starting Servlet engine: [Apache Tomcat/11.0.21]
2026-06-03T11:42:53.098+05:30  INFO 17804 --- [restartedMain] b.w.c.s.WebApplicationContextInitializer : Root WebApplicationContext: initialization completed in 282 ms
2026-06-03T11:42:53.127+05:30  INFO 17804 --- [restartedMain] com.zaxxer.hikari.HikariDataSource       : HikariPool-10 - Starting...
2026-06-03T11:42:53.143+05:30  INFO 17804 --- [restartedMain] com.zaxxer.hikari.pool.HikariPool        : HikariPool-10 - Added connection com.mysql.cj.jdbc.ConnectionImpl@56449135
2026-06-03T11:42:53.143+05:30  INFO 17804 --- [restartedMain] com.zaxxer.hikari.HikariDataSource       : HikariPool-10 - Start completed.
2026-06-03T11:42:53.144+05:30  INFO 17804 --- [restartedMain] org.hibernate.orm.jpa                    : HHH008540: Processing PersistenceUnitInfo [name: default]
2026-06-03T11:42:53.183+05:30  INFO 17804 --- [restartedMain] o.s.o.j.p.SpringPersistenceUnitInfo      : No LoadTimeWeaver setup: ignoring JPA class transformer
2026-06-03T11:42:53.186+05:30  INFO 17804 --- [restartedMain] org.hibernate.orm.connections.pooling    : HHH10001005: Database info:
	Database JDBC URL [jdbc:mysql://localhost:3306/transaction_db]
	Database driver: MySQL Connector/J
	Database dialect: MySQLDialect
	Database version: 8.0.45
	Default catalog/schema: transaction_db/undefined
	Autocommit mode: undefined/unknown
	Isolation level: REPEATABLE_READ [default REPEATABLE_READ]
	JDBC fetch size: none
	Pool: DataSourceConnectionProvider
	Minimum pool size: undefined/unknown
	Maximum pool size: undefined/unknown
2026-06-03T11:42:53.247+05:30  INFO 17804 --- [restartedMain] org.hibernate.orm.core                   : HHH000489: No JTA platform available (set 'hibernate.transaction.jta.platform' to enable JTA platform integration)
2026-06-03T11:42:53.248+05:30  INFO 17804 --- [restartedMain] j.LocalContainerEntityManagerFactoryBean : Initialized JPA EntityManagerFactory for persistence unit 'default'
2026-06-03T11:42:53.345+05:30  WARN 17804 --- [restartedMain] JpaBaseConfiguration$JpaWebConfiguration : spring.jpa.open-in-view is enabled by default. Therefore, database queries may be performed during view rendering. Explicitly configure spring.jpa.open-in-view to disable this warning
2026-06-03T11:42:53.434+05:30  INFO 17804 --- [restartedMain] o.s.boot.tomcat.TomcatWebServer          : Tomcat started on port 8282 (http) with context path '/'
2026-06-03T11:42:53.439+05:30  INFO 17804 --- [restartedMain] c.msedcl.main.transaction.Application    : Started Application in 0.65 seconds (process running for 884.89)
2026-06-03T11:42:53.446+05:30  INFO 17804 --- [restartedMain] .ConditionEvaluationDeltaLoggingListener : Condition evaluation unchanged
2026-06-03T11:44:06.406+05:30  INFO 17804 --- [File Watcher] rtingClassPathChangeChangedEventListener : Restarting due to 1 class path change (0 additions, 0 deletions, 1 modification)
2026-06-03T11:44:06.407+05:30  INFO 17804 --- [Thread-37] o.s.boot.tomcat.GracefulShutdown         : Commencing graceful shutdown. Waiting for active requests to complete
2026-06-03T11:44:06.410+05:30  INFO 17804 --- [tomcat-shutdown] o.s.boot.tomcat.GracefulShutdown         : Graceful shutdown complete
2026-06-03T11:44:06.412+05:30  INFO 17804 --- [Thread-37] j.LocalContainerEntityManagerFactoryBean : Closing JPA EntityManagerFactory for persistence unit 'default'
2026-06-03T11:44:06.413+05:30  INFO 17804 --- [Thread-37] com.zaxxer.hikari.HikariDataSource       : HikariPool-10 - Shutdown initiated...
2026-06-03T11:44:06.417+05:30  INFO 17804 --- [Thread-37] com.zaxxer.hikari.HikariDataSource       : HikariPool-10 - Shutdown completed.
2026-06-03T11:44:06.508+05:30  INFO 17804 --- [restartedMain] c.msedcl.main.transaction.Application    : Starting Application using Java 25.0.1 with PID 17804 (C:\Training\Spring Boot Microservices\03_TransactionService\target\classes started by student5 in C:\Training\Spring Boot Microservices\03_TransactionService)
2026-06-03T11:44:06.509+05:30  INFO 17804 --- [restartedMain] c.msedcl.main.transaction.Application    : No active profile set, falling back to 1 default profile: "default"
2026-06-03T11:44:06.678+05:30  INFO 17804 --- [restartedMain] .s.d.r.c.RepositoryConfigurationDelegate : Bootstrapping Spring Data JPA repositories in DEFAULT mode.
2026-06-03T11:44:06.690+05:30  INFO 17804 --- [restartedMain] .s.d.r.c.RepositoryConfigurationDelegate : Finished Spring Data repository scanning in 10 ms. Found 1 JPA repository interface.
2026-06-03T11:44:06.774+05:30  INFO 17804 --- [restartedMain] o.s.boot.tomcat.TomcatWebServer          : Tomcat initialized with port 8282 (http)
2026-06-03T11:44:06.774+05:30  INFO 17804 --- [restartedMain] o.apache.catalina.core.StandardService   : Starting service [Tomcat]
2026-06-03T11:44:06.775+05:30  INFO 17804 --- [restartedMain] o.apache.catalina.core.StandardEngine    : Starting Servlet engine: [Apache Tomcat/11.0.21]
2026-06-03T11:44:06.796+05:30  INFO 17804 --- [restartedMain] b.w.c.s.WebApplicationContextInitializer : Root WebApplicationContext: initialization completed in 286 ms
2026-06-03T11:44:06.829+05:30  INFO 17804 --- [restartedMain] com.zaxxer.hikari.HikariDataSource       : HikariPool-11 - Starting...
2026-06-03T11:44:06.849+05:30  INFO 17804 --- [restartedMain] com.zaxxer.hikari.pool.HikariPool        : HikariPool-11 - Added connection com.mysql.cj.jdbc.ConnectionImpl@2a7a07c5
2026-06-03T11:44:06.849+05:30  INFO 17804 --- [restartedMain] com.zaxxer.hikari.HikariDataSource       : HikariPool-11 - Start completed.
2026-06-03T11:44:06.850+05:30  INFO 17804 --- [restartedMain] org.hibernate.orm.jpa                    : HHH008540: Processing PersistenceUnitInfo [name: default]
2026-06-03T11:44:06.884+05:30  INFO 17804 --- [restartedMain] o.s.o.j.p.SpringPersistenceUnitInfo      : No LoadTimeWeaver setup: ignoring JPA class transformer
2026-06-03T11:44:06.887+05:30  INFO 17804 --- [restartedMain] org.hibernate.orm.connections.pooling    : HHH10001005: Database info:
	Database JDBC URL [jdbc:mysql://localhost:3306/transaction_db]
	Database driver: MySQL Connector/J
	Database dialect: MySQLDialect
	Database version: 8.0.45
	Default catalog/schema: transaction_db/undefined
	Autocommit mode: undefined/unknown
	Isolation level: REPEATABLE_READ [default REPEATABLE_READ]
	JDBC fetch size: none
	Pool: DataSourceConnectionProvider
	Minimum pool size: undefined/unknown
	Maximum pool size: undefined/unknown
2026-06-03T11:44:06.955+05:30  INFO 17804 --- [restartedMain] org.hibernate.orm.core                   : HHH000489: No JTA platform available (set 'hibernate.transaction.jta.platform' to enable JTA platform integration)
2026-06-03T11:44:06.956+05:30  INFO 17804 --- [restartedMain] j.LocalContainerEntityManagerFactoryBean : Initialized JPA EntityManagerFactory for persistence unit 'default'
2026-06-03T11:44:07.061+05:30  WARN 17804 --- [restartedMain] JpaBaseConfiguration$JpaWebConfiguration : spring.jpa.open-in-view is enabled by default. Therefore, database queries may be performed during view rendering. Explicitly configure spring.jpa.open-in-view to disable this warning
2026-06-03T11:44:07.161+05:30  INFO 17804 --- [restartedMain] o.s.boot.tomcat.TomcatWebServer          : Tomcat started on port 8282 (http) with context path '/'
2026-06-03T11:44:07.173+05:30  INFO 17804 --- [restartedMain] c.msedcl.main.transaction.Application    : Started Application in 0.695 seconds (process running for 958.625)
2026-06-03T11:44:07.175+05:30  INFO 17804 --- [restartedMain] .ConditionEvaluationDeltaLoggingListener : Condition evaluation unchanged
2026-06-03T11:44:08.558+05:30  INFO 17804 --- [File Watcher] rtingClassPathChangeChangedEventListener : Restarting due to 1 class path change (0 additions, 0 deletions, 1 modification)
2026-06-03T11:44:08.559+05:30  INFO 17804 --- [Thread-41] o.s.boot.tomcat.GracefulShutdown         : Commencing graceful shutdown. Waiting for active requests to complete
2026-06-03T11:44:08.562+05:30  INFO 17804 --- [tomcat-shutdown] o.s.boot.tomcat.GracefulShutdown         : Graceful shutdown complete
2026-06-03T11:44:08.564+05:30  INFO 17804 --- [Thread-41] j.LocalContainerEntityManagerFactoryBean : Closing JPA EntityManagerFactory for persistence unit 'default'
2026-06-03T11:44:08.565+05:30  INFO 17804 --- [Thread-41] com.zaxxer.hikari.HikariDataSource       : HikariPool-11 - Shutdown initiated...
2026-06-03T11:44:08.569+05:30  INFO 17804 --- [Thread-41] com.zaxxer.hikari.HikariDataSource       : HikariPool-11 - Shutdown completed.
2026-06-03T11:44:08.660+05:30  INFO 17804 --- [restartedMain] c.msedcl.main.transaction.Application    : Starting Application using Java 25.0.1 with PID 17804 (C:\Training\Spring Boot Microservices\03_TransactionService\target\classes started by student5 in C:\Training\Spring Boot Microservices\03_TransactionService)
2026-06-03T11:44:08.660+05:30  INFO 17804 --- [restartedMain] c.msedcl.main.transaction.Application    : No active profile set, falling back to 1 default profile: "default"
2026-06-03T11:44:08.821+05:30  INFO 17804 --- [restartedMain] .s.d.r.c.RepositoryConfigurationDelegate : Bootstrapping Spring Data JPA repositories in DEFAULT mode.
2026-06-03T11:44:08.833+05:30  INFO 17804 --- [restartedMain] .s.d.r.c.RepositoryConfigurationDelegate : Finished Spring Data repository scanning in 10 ms. Found 1 JPA repository interface.
2026-06-03T11:44:08.916+05:30  INFO 17804 --- [restartedMain] o.s.boot.tomcat.TomcatWebServer          : Tomcat initialized with port 8282 (http)
2026-06-03T11:44:08.917+05:30  INFO 17804 --- [restartedMain] o.apache.catalina.core.StandardService   : Starting service [Tomcat]
2026-06-03T11:44:08.917+05:30  INFO 17804 --- [restartedMain] o.apache.catalina.core.StandardEngine    : Starting Servlet engine: [Apache Tomcat/11.0.21]
2026-06-03T11:44:08.938+05:30  INFO 17804 --- [restartedMain] b.w.c.s.WebApplicationContextInitializer : Root WebApplicationContext: initialization completed in 276 ms
2026-06-03T11:44:08.967+05:30  INFO 17804 --- [restartedMain] com.zaxxer.hikari.HikariDataSource       : HikariPool-12 - Starting...
2026-06-03T11:44:08.984+05:30  INFO 17804 --- [restartedMain] com.zaxxer.hikari.pool.HikariPool        : HikariPool-12 - Added connection com.mysql.cj.jdbc.ConnectionImpl@14ba7dc8
2026-06-03T11:44:08.985+05:30  INFO 17804 --- [restartedMain] com.zaxxer.hikari.HikariDataSource       : HikariPool-12 - Start completed.
2026-06-03T11:44:08.986+05:30  INFO 17804 --- [restartedMain] org.hibernate.orm.jpa                    : HHH008540: Processing PersistenceUnitInfo [name: default]
2026-06-03T11:44:09.020+05:30  INFO 17804 --- [restartedMain] o.s.o.j.p.SpringPersistenceUnitInfo      : No LoadTimeWeaver setup: ignoring JPA class transformer
2026-06-03T11:44:09.022+05:30  INFO 17804 --- [restartedMain] org.hibernate.orm.connections.pooling    : HHH10001005: Database info:
	Database JDBC URL [jdbc:mysql://localhost:3306/transaction_db]
	Database driver: MySQL Connector/J
	Database dialect: MySQLDialect
	Database version: 8.0.45
	Default catalog/schema: transaction_db/undefined
	Autocommit mode: undefined/unknown
	Isolation level: REPEATABLE_READ [default REPEATABLE_READ]
	JDBC fetch size: none
	Pool: DataSourceConnectionProvider
	Minimum pool size: undefined/unknown
	Maximum pool size: undefined/unknown
2026-06-03T11:44:09.076+05:30  INFO 17804 --- [restartedMain] org.hibernate.orm.core                   : HHH000489: No JTA platform available (set 'hibernate.transaction.jta.platform' to enable JTA platform integration)
2026-06-03T11:44:09.077+05:30  INFO 17804 --- [restartedMain] j.LocalContainerEntityManagerFactoryBean : Initialized JPA EntityManagerFactory for persistence unit 'default'
2026-06-03T11:44:09.166+05:30  WARN 17804 --- [restartedMain] JpaBaseConfiguration$JpaWebConfiguration : spring.jpa.open-in-view is enabled by default. Therefore, database queries may be performed during view rendering. Explicitly configure spring.jpa.open-in-view to disable this warning
2026-06-03T11:44:09.250+05:30  INFO 17804 --- [restartedMain] o.s.boot.tomcat.TomcatWebServer          : Tomcat started on port 8282 (http) with context path '/'
2026-06-03T11:44:09.257+05:30  INFO 17804 --- [restartedMain] c.msedcl.main.transaction.Application    : Started Application in 0.626 seconds (process running for 960.708)
2026-06-03T11:44:09.258+05:30  INFO 17804 --- [restartedMain] .ConditionEvaluationDeltaLoggingListener : Condition evaluation unchanged
2026-06-03T11:44:17.709+05:30  INFO 17804 --- [File Watcher] rtingClassPathChangeChangedEventListener : Restarting due to 1 class path change (0 additions, 0 deletions, 1 modification)
2026-06-03T11:44:17.710+05:30  INFO 17804 --- [Thread-45] o.s.boot.tomcat.GracefulShutdown         : Commencing graceful shutdown. Waiting for active requests to complete
2026-06-03T11:44:17.713+05:30  INFO 17804 --- [tomcat-shutdown] o.s.boot.tomcat.GracefulShutdown         : Graceful shutdown complete
2026-06-03T11:44:17.716+05:30  INFO 17804 --- [Thread-45] j.LocalContainerEntityManagerFactoryBean : Closing JPA EntityManagerFactory for persistence unit 'default'
2026-06-03T11:44:17.716+05:30  INFO 17804 --- [Thread-45] com.zaxxer.hikari.HikariDataSource       : HikariPool-12 - Shutdown initiated...
2026-06-03T11:44:17.719+05:30  INFO 17804 --- [Thread-45] com.zaxxer.hikari.HikariDataSource       : HikariPool-12 - Shutdown completed.
2026-06-03T11:44:17.804+05:30  INFO 17804 --- [restartedMain] c.msedcl.main.transaction.Application    : Starting Application using Java 25.0.1 with PID 17804 (C:\Training\Spring Boot Microservices\03_TransactionService\target\classes started by student5 in C:\Training\Spring Boot Microservices\03_TransactionService)
2026-06-03T11:44:17.804+05:30  INFO 17804 --- [restartedMain] c.msedcl.main.transaction.Application    : No active profile set, falling back to 1 default profile: "default"
2026-06-03T11:44:17.960+05:30  INFO 17804 --- [restartedMain] .s.d.r.c.RepositoryConfigurationDelegate : Bootstrapping Spring Data JPA repositories in DEFAULT mode.
2026-06-03T11:44:17.973+05:30  INFO 17804 --- [restartedMain] .s.d.r.c.RepositoryConfigurationDelegate : Finished Spring Data repository scanning in 11 ms. Found 1 JPA repository interface.
2026-06-03T11:44:18.050+05:30  INFO 17804 --- [restartedMain] o.s.boot.tomcat.TomcatWebServer          : Tomcat initialized with port 8282 (http)
2026-06-03T11:44:18.051+05:30  INFO 17804 --- [restartedMain] o.apache.catalina.core.StandardService   : Starting service [Tomcat]
2026-06-03T11:44:18.051+05:30  INFO 17804 --- [restartedMain] o.apache.catalina.core.StandardEngine    : Starting Servlet engine: [Apache Tomcat/11.0.21]
2026-06-03T11:44:18.073+05:30  INFO 17804 --- [restartedMain] b.w.c.s.WebApplicationContextInitializer : Root WebApplicationContext: initialization completed in 267 ms
2026-06-03T11:44:18.103+05:30  INFO 17804 --- [restartedMain] com.zaxxer.hikari.HikariDataSource       : HikariPool-13 - Starting...
2026-06-03T11:44:18.121+05:30  INFO 17804 --- [restartedMain] com.zaxxer.hikari.pool.HikariPool        : HikariPool-13 - Added connection com.mysql.cj.jdbc.ConnectionImpl@367452af
2026-06-03T11:44:18.121+05:30  INFO 17804 --- [restartedMain] com.zaxxer.hikari.HikariDataSource       : HikariPool-13 - Start completed.
2026-06-03T11:44:18.122+05:30  INFO 17804 --- [restartedMain] org.hibernate.orm.jpa                    : HHH008540: Processing PersistenceUnitInfo [name: default]
2026-06-03T11:44:18.158+05:30  INFO 17804 --- [restartedMain] o.s.o.j.p.SpringPersistenceUnitInfo      : No LoadTimeWeaver setup: ignoring JPA class transformer
2026-06-03T11:44:18.161+05:30  INFO 17804 --- [restartedMain] org.hibernate.orm.connections.pooling    : HHH10001005: Database info:
	Database JDBC URL [jdbc:mysql://localhost:3306/transaction_db]
	Database driver: MySQL Connector/J
	Database dialect: MySQLDialect
	Database version: 8.0.45
	Default catalog/schema: transaction_db/undefined
	Autocommit mode: undefined/unknown
	Isolation level: REPEATABLE_READ [default REPEATABLE_READ]
	JDBC fetch size: none
	Pool: DataSourceConnectionProvider
	Minimum pool size: undefined/unknown
	Maximum pool size: undefined/unknown
2026-06-03T11:44:18.200+05:30  INFO 17804 --- [restartedMain] org.hibernate.orm.core                   : HHH000489: No JTA platform available (set 'hibernate.transaction.jta.platform' to enable JTA platform integration)
2026-06-03T11:44:18.201+05:30  INFO 17804 --- [restartedMain] j.LocalContainerEntityManagerFactoryBean : Initialized JPA EntityManagerFactory for persistence unit 'default'
2026-06-03T11:44:18.306+05:30  WARN 17804 --- [restartedMain] JpaBaseConfiguration$JpaWebConfiguration : spring.jpa.open-in-view is enabled by default. Therefore, database queries may be performed during view rendering. Explicitly configure spring.jpa.open-in-view to disable this warning
2026-06-03T11:44:18.394+05:30  INFO 17804 --- [restartedMain] o.s.boot.tomcat.TomcatWebServer          : Tomcat started on port 8282 (http) with context path '/'
2026-06-03T11:44:18.401+05:30  INFO 17804 --- [restartedMain] c.msedcl.main.transaction.Application    : Started Application in 0.621 seconds (process running for 969.853)
2026-06-03T11:44:18.402+05:30  INFO 17804 --- [restartedMain] .ConditionEvaluationDeltaLoggingListener : Condition evaluation unchanged
2026-06-03T11:44:52.053+05:30  INFO 17804 --- [File Watcher] rtingClassPathChangeChangedEventListener : Restarting due to 1 class path change (0 additions, 0 deletions, 1 modification)
2026-06-03T11:44:52.054+05:30  INFO 17804 --- [Thread-49] o.s.boot.tomcat.GracefulShutdown         : Commencing graceful shutdown. Waiting for active requests to complete
2026-06-03T11:44:52.057+05:30  INFO 17804 --- [tomcat-shutdown] o.s.boot.tomcat.GracefulShutdown         : Graceful shutdown complete
2026-06-03T11:44:52.059+05:30  INFO 17804 --- [Thread-49] j.LocalContainerEntityManagerFactoryBean : Closing JPA EntityManagerFactory for persistence unit 'default'
2026-06-03T11:44:52.060+05:30  INFO 17804 --- [Thread-49] com.zaxxer.hikari.HikariDataSource       : HikariPool-13 - Shutdown initiated...
2026-06-03T11:44:52.064+05:30  INFO 17804 --- [Thread-49] com.zaxxer.hikari.HikariDataSource       : HikariPool-13 - Shutdown completed.
2026-06-03T11:44:52.148+05:30  INFO 17804 --- [restartedMain] c.msedcl.main.transaction.Application    : Starting Application using Java 25.0.1 with PID 17804 (C:\Training\Spring Boot Microservices\03_TransactionService\target\classes started by student5 in C:\Training\Spring Boot Microservices\03_TransactionService)
2026-06-03T11:44:52.148+05:30  INFO 17804 --- [restartedMain] c.msedcl.main.transaction.Application    : No active profile set, falling back to 1 default profile: "default"
2026-06-03T11:44:52.303+05:30  INFO 17804 --- [restartedMain] .s.d.r.c.RepositoryConfigurationDelegate : Bootstrapping Spring Data JPA repositories in DEFAULT mode.
2026-06-03T11:44:52.315+05:30  INFO 17804 --- [restartedMain] .s.d.r.c.RepositoryConfigurationDelegate : Finished Spring Data repository scanning in 10 ms. Found 1 JPA repository interface.
2026-06-03T11:44:52.391+05:30  INFO 17804 --- [restartedMain] o.s.boot.tomcat.TomcatWebServer          : Tomcat initialized with port 8282 (http)
2026-06-03T11:44:52.392+05:30  INFO 17804 --- [restartedMain] o.apache.catalina.core.StandardService   : Starting service [Tomcat]
2026-06-03T11:44:52.392+05:30  INFO 17804 --- [restartedMain] o.apache.catalina.core.StandardEngine    : Starting Servlet engine: [Apache Tomcat/11.0.21]
2026-06-03T11:44:52.414+05:30  INFO 17804 --- [restartedMain] b.w.c.s.WebApplicationContextInitializer : Root WebApplicationContext: initialization completed in 264 ms
2026-06-03T11:44:52.446+05:30  INFO 17804 --- [restartedMain] com.zaxxer.hikari.HikariDataSource       : HikariPool-14 - Starting...
2026-06-03T11:44:52.463+05:30  INFO 17804 --- [restartedMain] com.zaxxer.hikari.pool.HikariPool        : HikariPool-14 - Added connection com.mysql.cj.jdbc.ConnectionImpl@3859316b
2026-06-03T11:44:52.464+05:30  INFO 17804 --- [restartedMain] com.zaxxer.hikari.HikariDataSource       : HikariPool-14 - Start completed.
2026-06-03T11:44:52.465+05:30  INFO 17804 --- [restartedMain] org.hibernate.orm.jpa                    : HHH008540: Processing PersistenceUnitInfo [name: default]
2026-06-03T11:44:52.500+05:30  INFO 17804 --- [restartedMain] o.s.o.j.p.SpringPersistenceUnitInfo      : No LoadTimeWeaver setup: ignoring JPA class transformer
2026-06-03T11:44:52.502+05:30  INFO 17804 --- [restartedMain] org.hibernate.orm.connections.pooling    : HHH10001005: Database info:
	Database JDBC URL [jdbc:mysql://localhost:3306/transaction_db]
	Database driver: MySQL Connector/J
	Database dialect: MySQLDialect
	Database version: 8.0.45
	Default catalog/schema: transaction_db/undefined
	Autocommit mode: undefined/unknown
	Isolation level: REPEATABLE_READ [default REPEATABLE_READ]
	JDBC fetch size: none
	Pool: DataSourceConnectionProvider
	Minimum pool size: undefined/unknown
	Maximum pool size: undefined/unknown
2026-06-03T11:44:52.549+05:30  INFO 17804 --- [restartedMain] org.hibernate.orm.core                   : HHH000489: No JTA platform available (set 'hibernate.transaction.jta.platform' to enable JTA platform integration)
2026-06-03T11:44:52.550+05:30  INFO 17804 --- [restartedMain] j.LocalContainerEntityManagerFactoryBean : Initialized JPA EntityManagerFactory for persistence unit 'default'
2026-06-03T11:44:52.643+05:30  WARN 17804 --- [restartedMain] JpaBaseConfiguration$JpaWebConfiguration : spring.jpa.open-in-view is enabled by default. Therefore, database queries may be performed during view rendering. Explicitly configure spring.jpa.open-in-view to disable this warning
2026-06-03T11:44:52.741+05:30  INFO 17804 --- [restartedMain] o.s.boot.tomcat.TomcatWebServer          : Tomcat started on port 8282 (http) with context path '/'
2026-06-03T11:44:52.750+05:30  INFO 17804 --- [restartedMain] c.msedcl.main.transaction.Application    : Started Application in 0.626 seconds (process running for 1004.202)
2026-06-03T11:44:52.751+05:30  INFO 17804 --- [restartedMain] .ConditionEvaluationDeltaLoggingListener : Condition evaluation unchanged
2026-06-03T11:44:58.191+05:30  INFO 17804 --- [File Watcher] rtingClassPathChangeChangedEventListener : Restarting due to 1 class path change (0 additions, 0 deletions, 1 modification)
2026-06-03T11:44:58.192+05:30  INFO 17804 --- [Thread-53] o.s.boot.tomcat.GracefulShutdown         : Commencing graceful shutdown. Waiting for active requests to complete
2026-06-03T11:44:58.195+05:30  INFO 17804 --- [tomcat-shutdown] o.s.boot.tomcat.GracefulShutdown         : Graceful shutdown complete
2026-06-03T11:44:58.198+05:30  INFO 17804 --- [Thread-53] j.LocalContainerEntityManagerFactoryBean : Closing JPA EntityManagerFactory for persistence unit 'default'
2026-06-03T11:44:58.198+05:30  INFO 17804 --- [Thread-53] com.zaxxer.hikari.HikariDataSource       : HikariPool-14 - Shutdown initiated...
2026-06-03T11:44:58.202+05:30  INFO 17804 --- [Thread-53] com.zaxxer.hikari.HikariDataSource       : HikariPool-14 - Shutdown completed.
2026-06-03T11:44:58.289+05:30  INFO 17804 --- [restartedMain] c.msedcl.main.transaction.Application    : Starting Application using Java 25.0.1 with PID 17804 (C:\Training\Spring Boot Microservices\03_TransactionService\target\classes started by student5 in C:\Training\Spring Boot Microservices\03_TransactionService)
2026-06-03T11:44:58.289+05:30  INFO 17804 --- [restartedMain] c.msedcl.main.transaction.Application    : No active profile set, falling back to 1 default profile: "default"
2026-06-03T11:44:58.449+05:30  INFO 17804 --- [restartedMain] .s.d.r.c.RepositoryConfigurationDelegate : Bootstrapping Spring Data JPA repositories in DEFAULT mode.
2026-06-03T11:44:58.460+05:30  INFO 17804 --- [restartedMain] .s.d.r.c.RepositoryConfigurationDelegate : Finished Spring Data repository scanning in 9 ms. Found 1 JPA repository interface.
2026-06-03T11:44:58.534+05:30  INFO 17804 --- [restartedMain] o.s.boot.tomcat.TomcatWebServer          : Tomcat initialized with port 8282 (http)
2026-06-03T11:44:58.535+05:30  INFO 17804 --- [restartedMain] o.apache.catalina.core.StandardService   : Starting service [Tomcat]
2026-06-03T11:44:58.535+05:30  INFO 17804 --- [restartedMain] o.apache.catalina.core.StandardEngine    : Starting Servlet engine: [Apache Tomcat/11.0.21]
2026-06-03T11:44:58.557+05:30  INFO 17804 --- [restartedMain] b.w.c.s.WebApplicationContextInitializer : Root WebApplicationContext: initialization completed in 266 ms
2026-06-03T11:44:58.588+05:30  INFO 17804 --- [restartedMain] com.zaxxer.hikari.HikariDataSource       : HikariPool-15 - Starting...
2026-06-03T11:44:58.605+05:30  INFO 17804 --- [restartedMain] com.zaxxer.hikari.pool.HikariPool        : HikariPool-15 - Added connection com.mysql.cj.jdbc.ConnectionImpl@d0b61f1
2026-06-03T11:44:58.605+05:30  INFO 17804 --- [restartedMain] com.zaxxer.hikari.HikariDataSource       : HikariPool-15 - Start completed.
2026-06-03T11:44:58.607+05:30  INFO 17804 --- [restartedMain] org.hibernate.orm.jpa                    : HHH008540: Processing PersistenceUnitInfo [name: default]
2026-06-03T11:44:58.643+05:30  INFO 17804 --- [restartedMain] o.s.o.j.p.SpringPersistenceUnitInfo      : No LoadTimeWeaver setup: ignoring JPA class transformer
2026-06-03T11:44:58.645+05:30  INFO 17804 --- [restartedMain] org.hibernate.orm.connections.pooling    : HHH10001005: Database info:
	Database JDBC URL [jdbc:mysql://localhost:3306/transaction_db]
	Database driver: MySQL Connector/J
	Database dialect: MySQLDialect
	Database version: 8.0.45
	Default catalog/schema: transaction_db/undefined
	Autocommit mode: undefined/unknown
	Isolation level: REPEATABLE_READ [default REPEATABLE_READ]
	JDBC fetch size: none
	Pool: DataSourceConnectionProvider
	Minimum pool size: undefined/unknown
	Maximum pool size: undefined/unknown
2026-06-03T11:44:58.705+05:30  INFO 17804 --- [restartedMain] org.hibernate.orm.core                   : HHH000489: No JTA platform available (set 'hibernate.transaction.jta.platform' to enable JTA platform integration)
2026-06-03T11:44:58.706+05:30  INFO 17804 --- [restartedMain] j.LocalContainerEntityManagerFactoryBean : Initialized JPA EntityManagerFactory for persistence unit 'default'
2026-06-03T11:44:58.800+05:30  WARN 17804 --- [restartedMain] JpaBaseConfiguration$JpaWebConfiguration : spring.jpa.open-in-view is enabled by default. Therefore, database queries may be performed during view rendering. Explicitly configure spring.jpa.open-in-view to disable this warning
2026-06-03T11:44:58.885+05:30  INFO 17804 --- [restartedMain] o.s.boot.tomcat.TomcatWebServer          : Tomcat started on port 8282 (http) with context path '/'
2026-06-03T11:44:58.889+05:30  INFO 17804 --- [restartedMain] c.msedcl.main.transaction.Application    : Started Application in 0.624 seconds (process running for 1010.341)
2026-06-03T11:44:58.890+05:30  INFO 17804 --- [restartedMain] .ConditionEvaluationDeltaLoggingListener : Condition evaluation unchanged
2026-06-03T11:45:11.381+05:30  INFO 17804 --- [File Watcher] rtingClassPathChangeChangedEventListener : Restarting due to 1 class path change (0 additions, 0 deletions, 1 modification)
2026-06-03T11:45:11.384+05:30  INFO 17804 --- [Thread-57] o.s.boot.tomcat.GracefulShutdown         : Commencing graceful shutdown. Waiting for active requests to complete
2026-06-03T11:45:11.388+05:30  INFO 17804 --- [tomcat-shutdown] o.s.boot.tomcat.GracefulShutdown         : Graceful shutdown complete
2026-06-03T11:45:11.392+05:30  INFO 17804 --- [Thread-57] j.LocalContainerEntityManagerFactoryBean : Closing JPA EntityManagerFactory for persistence unit 'default'
2026-06-03T11:45:11.393+05:30  INFO 17804 --- [Thread-57] com.zaxxer.hikari.HikariDataSource       : HikariPool-15 - Shutdown initiated...
2026-06-03T11:45:11.403+05:30  INFO 17804 --- [Thread-57] com.zaxxer.hikari.HikariDataSource       : HikariPool-15 - Shutdown completed.
2026-06-03T11:45:11.512+05:30  INFO 17804 --- [restartedMain] c.msedcl.main.transaction.Application    : Starting Application using Java 25.0.1 with PID 17804 (C:\Training\Spring Boot Microservices\03_TransactionService\target\classes started by student5 in C:\Training\Spring Boot Microservices\03_TransactionService)
2026-06-03T11:45:11.513+05:30  INFO 17804 --- [restartedMain] c.msedcl.main.transaction.Application    : No active profile set, falling back to 1 default profile: "default"
2026-06-03T11:45:11.722+05:30  INFO 17804 --- [restartedMain] .s.d.r.c.RepositoryConfigurationDelegate : Bootstrapping Spring Data JPA repositories in DEFAULT mode.
2026-06-03T11:45:11.738+05:30  INFO 17804 --- [restartedMain] .s.d.r.c.RepositoryConfigurationDelegate : Finished Spring Data repository scanning in 13 ms. Found 1 JPA repository interface.
2026-06-03T11:45:11.828+05:30  INFO 17804 --- [restartedMain] o.s.boot.tomcat.TomcatWebServer          : Tomcat initialized with port 8282 (http)
2026-06-03T11:45:11.829+05:30  INFO 17804 --- [restartedMain] o.apache.catalina.core.StandardService   : Starting service [Tomcat]
2026-06-03T11:45:11.829+05:30  INFO 17804 --- [restartedMain] o.apache.catalina.core.StandardEngine    : Starting Servlet engine: [Apache Tomcat/11.0.21]
2026-06-03T11:45:11.850+05:30  INFO 17804 --- [restartedMain] b.w.c.s.WebApplicationContextInitializer : Root WebApplicationContext: initialization completed in 335 ms
2026-06-03T11:45:11.885+05:30  INFO 17804 --- [restartedMain] com.zaxxer.hikari.HikariDataSource       : HikariPool-16 - Starting...
2026-06-03T11:45:11.903+05:30  INFO 17804 --- [restartedMain] com.zaxxer.hikari.pool.HikariPool        : HikariPool-16 - Added connection com.mysql.cj.jdbc.ConnectionImpl@fa3b85b
2026-06-03T11:45:11.904+05:30  INFO 17804 --- [restartedMain] com.zaxxer.hikari.HikariDataSource       : HikariPool-16 - Start completed.
2026-06-03T11:45:11.905+05:30  INFO 17804 --- [restartedMain] org.hibernate.orm.jpa                    : HHH008540: Processing PersistenceUnitInfo [name: default]
2026-06-03T11:45:11.942+05:30  INFO 17804 --- [restartedMain] o.s.o.j.p.SpringPersistenceUnitInfo      : No LoadTimeWeaver setup: ignoring JPA class transformer
2026-06-03T11:45:11.944+05:30  INFO 17804 --- [restartedMain] org.hibernate.orm.connections.pooling    : HHH10001005: Database info:
	Database JDBC URL [jdbc:mysql://localhost:3306/transaction_db]
	Database driver: MySQL Connector/J
	Database dialect: MySQLDialect
	Database version: 8.0.45
	Default catalog/schema: transaction_db/undefined
	Autocommit mode: undefined/unknown
	Isolation level: REPEATABLE_READ [default REPEATABLE_READ]
	JDBC fetch size: none
	Pool: DataSourceConnectionProvider
	Minimum pool size: undefined/unknown
	Maximum pool size: undefined/unknown
2026-06-03T11:45:12.033+05:30  INFO 17804 --- [restartedMain] org.hibernate.orm.core                   : HHH000489: No JTA platform available (set 'hibernate.transaction.jta.platform' to enable JTA platform integration)
2026-06-03T11:45:12.035+05:30  INFO 17804 --- [restartedMain] j.LocalContainerEntityManagerFactoryBean : Initialized JPA EntityManagerFactory for persistence unit 'default'
2026-06-03T11:45:12.132+05:30  WARN 17804 --- [restartedMain] JpaBaseConfiguration$JpaWebConfiguration : spring.jpa.open-in-view is enabled by default. Therefore, database queries may be performed during view rendering. Explicitly configure spring.jpa.open-in-view to disable this warning
2026-06-03T11:45:12.240+05:30  INFO 17804 --- [restartedMain] o.s.boot.tomcat.TomcatWebServer          : Tomcat started on port 8282 (http) with context path '/'
2026-06-03T11:45:12.242+05:30  INFO 17804 --- [restartedMain] c.msedcl.main.transaction.Application    : Started Application in 0.764 seconds (process running for 1023.693)
2026-06-03T11:45:12.243+05:30  INFO 17804 --- [restartedMain] .ConditionEvaluationDeltaLoggingListener : Condition evaluation unchanged
2026-06-03T11:46:26.516+05:30  INFO 17804 --- [http-nio-8282-exec-5] o.a.c.c.C.[Tomcat].[localhost].[/]       : Initializing Spring DispatcherServlet 'dispatcherServlet'
2026-06-03T11:46:26.516+05:30  INFO 17804 --- [http-nio-8282-exec-5] o.s.web.servlet.DispatcherServlet        : Initializing Servlet 'dispatcherServlet'
2026-06-03T11:46:26.517+05:30  INFO 17804 --- [http-nio-8282-exec-5] o.s.web.servlet.DispatcherServlet        : Completed initialization in 1 ms
2026-06-03T11:46:27.009+05:30  INFO 17804 --- [http-nio-8282-exec-5] c.m.m.t.client.AccountServiceClient      : AccountResponseDTO(accountId=1, customer=com.msedcl.main.transaction.dto.CustomerResponseDTO@6c76bf5d, accountType=Savings, balance=25000.0)
2026-06-03T11:46:27.028+05:30  INFO 17804 --- [http-nio-8282-exec-5] c.m.m.t.client.AccountServiceClient      : AccountResponseDTO(accountId=1, customer=com.msedcl.main.transaction.dto.CustomerResponseDTO@58e3a772, accountType=Savings, balance=25000.0)
2026-06-03T11:46:27.048+05:30  INFO 17804 --- [http-nio-8282-exec-5] c.m.m.t.client.AccountServiceClient      : AccountResponseDTO(accountId=1, customer=com.msedcl.main.transaction.dto.CustomerResponseDTO@1366764, accountType=Savings, balance=25000.0)
2026-06-03T11:46:27.065+05:30  INFO 17804 --- [http-nio-8282-exec-5] c.m.m.t.client.AccountServiceClient      : AccountResponseDTO(accountId=1, customer=com.msedcl.main.transaction.dto.CustomerResponseDTO@1edc7ddb, accountType=Savings, balance=25000.0)
2026-06-03T11:53:18.587+05:30  INFO 17804 --- [http-nio-8282-exec-8] c.m.m.t.c.TransactionController          : Request Received To Deposit Money
2026-06-03T11:53:18.589+05:30  INFO 17804 --- [http-nio-8282-exec-8] c.m.m.t.c.TransactionController          : TransactionRequestDTO(accountId=1, amount=5000.0)
2026-06-03T11:53:18.608+05:30  INFO 17804 --- [http-nio-8282-exec-8] c.m.m.t.client.AccountServiceClient      : AccountResponseDTO(accountId=1, customer=com.msedcl.main.transaction.dto.CustomerResponseDTO@4006bf36, accountType=Savings, balance=0.0)
2026-06-03T11:53:18.608+05:30  INFO 17804 --- [http-nio-8282-exec-8] c.m.m.t.service.TransactionServiceImpl   : Account Details Fetched/Validated Successfully
2026-06-03T11:53:18.608+05:30  INFO 17804 --- [http-nio-8282-exec-8] c.m.m.t.service.TransactionServiceImpl   : AccountResponseDTO(accountId=1, customer=com.msedcl.main.transaction.dto.CustomerResponseDTO@4006bf36, accountType=Savings, balance=0.0)
2026-06-03T11:53:18.642+05:30  INFO 17804 --- [http-nio-8282-exec-8] c.m.m.t.service.TransactionServiceImpl   : Balance updated for :: accountId1
2026-06-03T11:53:18.643+05:30  INFO 17804 --- [http-nio-8282-exec-8] c.m.m.t.service.TransactionServiceImpl   : Creating New Transaction
2026-06-03T11:53:18.663+05:30  INFO 17804 --- [http-nio-8282-exec-8] c.m.m.t.service.TransactionServiceImpl   : Transaction details saved into table with transactionId :: 1
2026-06-03T11:53:18.663+05:30  INFO 17804 --- [http-nio-8282-exec-8] c.m.m.t.c.TransactionController          : Transaction Completed Successfully!!
2026-06-03T11:53:18.663+05:30  INFO 17804 --- [http-nio-8282-exec-8] c.m.m.t.c.TransactionController          : com.msedcl.main.transaction.dto.TransactionResponseDTO@4d37dbf7
2026-06-03T11:53:54.505+05:30  INFO 17804 --- [http-nio-8282-exec-9] c.m.m.t.c.TransactionController          : Request Received To Deposit Money
2026-06-03T11:53:54.505+05:30  INFO 17804 --- [http-nio-8282-exec-9] c.m.m.t.c.TransactionController          : TransactionRequestDTO(accountId=1, amount=2000.0)
2026-06-03T11:53:54.524+05:30  INFO 17804 --- [http-nio-8282-exec-9] c.m.m.t.client.AccountServiceClient      : AccountResponseDTO(accountId=1, customer=com.msedcl.main.transaction.dto.CustomerResponseDTO@748cf482, accountType=Savings, balance=5000.0)
2026-06-03T11:53:54.524+05:30  INFO 17804 --- [http-nio-8282-exec-9] c.m.m.t.service.TransactionServiceImpl   : Account Details Fetched/Validated Successfully
2026-06-03T11:53:54.524+05:30  INFO 17804 --- [http-nio-8282-exec-9] c.m.m.t.service.TransactionServiceImpl   : AccountResponseDTO(accountId=1, customer=com.msedcl.main.transaction.dto.CustomerResponseDTO@748cf482, accountType=Savings, balance=5000.0)
2026-06-03T11:53:54.551+05:30  INFO 17804 --- [http-nio-8282-exec-9] c.m.m.t.service.TransactionServiceImpl   : Balance updated for :: accountId1
2026-06-03T11:53:54.552+05:30  INFO 17804 --- [http-nio-8282-exec-9] c.m.m.t.service.TransactionServiceImpl   : Creating New Transaction
2026-06-03T11:53:54.557+05:30  INFO 17804 --- [http-nio-8282-exec-9] c.m.m.t.service.TransactionServiceImpl   : Transaction details saved into table with transactionId :: 2
2026-06-03T11:53:54.557+05:30  INFO 17804 --- [http-nio-8282-exec-9] c.m.m.t.c.TransactionController          : Transaction Completed Successfully!!
2026-06-03T11:53:54.557+05:30  INFO 17804 --- [http-nio-8282-exec-9] c.m.m.t.c.TransactionController          : com.msedcl.main.transaction.dto.TransactionResponseDTO@44e8df1
2026-06-03T11:54:00.271+05:30  INFO 17804 --- [http-nio-8282-exec-10] c.m.m.t.client.AccountServiceClient      : AccountResponseDTO(accountId=1, customer=com.msedcl.main.transaction.dto.CustomerResponseDTO@592cab9, accountType=Savings, balance=7000.0)
2026-06-03T11:54:00.288+05:30  INFO 17804 --- [http-nio-8282-exec-10] c.m.m.t.client.AccountServiceClient      : AccountResponseDTO(accountId=1, customer=com.msedcl.main.transaction.dto.CustomerResponseDTO@59935372, accountType=Savings, balance=7000.0)
2026-06-03T11:55:15.894+05:30  INFO 17804 --- [File Watcher] rtingClassPathChangeChangedEventListener : Restarting due to 1 class path change (0 additions, 0 deletions, 1 modification)
2026-06-03T11:55:15.895+05:30  INFO 17804 --- [Thread-61] o.s.boot.tomcat.GracefulShutdown         : Commencing graceful shutdown. Waiting for active requests to complete
2026-06-03T11:55:15.898+05:30  INFO 17804 --- [tomcat-shutdown] o.s.boot.tomcat.GracefulShutdown         : Graceful shutdown complete
2026-06-03T11:55:15.901+05:30  INFO 17804 --- [Thread-61] j.LocalContainerEntityManagerFactoryBean : Closing JPA EntityManagerFactory for persistence unit 'default'
2026-06-03T11:55:15.901+05:30  INFO 17804 --- [Thread-61] com.zaxxer.hikari.HikariDataSource       : HikariPool-16 - Shutdown initiated...
2026-06-03T11:55:15.904+05:30  INFO 17804 --- [Thread-61] com.zaxxer.hikari.HikariDataSource       : HikariPool-16 - Shutdown completed.
2026-06-03T11:55:16.001+05:30  INFO 17804 --- [restartedMain] c.msedcl.main.transaction.Application    : Starting Application using Java 25.0.1 with PID 17804 (C:\Training\Spring Boot Microservices\03_TransactionService\target\classes started by student5 in C:\Training\Spring Boot Microservices\03_TransactionService)
2026-06-03T11:55:16.001+05:30  INFO 17804 --- [restartedMain] c.msedcl.main.transaction.Application    : No active profile set, falling back to 1 default profile: "default"
2026-06-03T11:55:16.173+05:30  INFO 17804 --- [restartedMain] .s.d.r.c.RepositoryConfigurationDelegate : Bootstrapping Spring Data JPA repositories in DEFAULT mode.
2026-06-03T11:55:16.185+05:30  INFO 17804 --- [restartedMain] .s.d.r.c.RepositoryConfigurationDelegate : Finished Spring Data repository scanning in 10 ms. Found 1 JPA repository interface.
2026-06-03T11:55:16.286+05:30  INFO 17804 --- [restartedMain] o.s.boot.tomcat.TomcatWebServer          : Tomcat initialized with port 8282 (http)
2026-06-03T11:55:16.288+05:30  INFO 17804 --- [restartedMain] o.apache.catalina.core.StandardService   : Starting service [Tomcat]
2026-06-03T11:55:16.289+05:30  INFO 17804 --- [restartedMain] o.apache.catalina.core.StandardEngine    : Starting Servlet engine: [Apache Tomcat/11.0.21]
2026-06-03T11:55:16.310+05:30  INFO 17804 --- [restartedMain] b.w.c.s.WebApplicationContextInitializer : Root WebApplicationContext: initialization completed in 306 ms
2026-06-03T11:55:16.352+05:30  INFO 17804 --- [restartedMain] com.zaxxer.hikari.HikariDataSource       : HikariPool-17 - Starting...
2026-06-03T11:55:16.371+05:30  INFO 17804 --- [restartedMain] com.zaxxer.hikari.pool.HikariPool        : HikariPool-17 - Added connection com.mysql.cj.jdbc.ConnectionImpl@1ea4c682
2026-06-03T11:55:16.371+05:30  INFO 17804 --- [restartedMain] com.zaxxer.hikari.HikariDataSource       : HikariPool-17 - Start completed.
2026-06-03T11:55:16.373+05:30  INFO 17804 --- [restartedMain] org.hibernate.orm.jpa                    : HHH008540: Processing PersistenceUnitInfo [name: default]
2026-06-03T11:55:16.424+05:30  INFO 17804 --- [restartedMain] o.s.o.j.p.SpringPersistenceUnitInfo      : No LoadTimeWeaver setup: ignoring JPA class transformer
2026-06-03T11:55:16.428+05:30  INFO 17804 --- [restartedMain] org.hibernate.orm.connections.pooling    : HHH10001005: Database info:
	Database JDBC URL [jdbc:mysql://localhost:3306/transaction_db]
	Database driver: MySQL Connector/J
	Database dialect: MySQLDialect
	Database version: 8.0.45
	Default catalog/schema: transaction_db/undefined
	Autocommit mode: undefined/unknown
	Isolation level: REPEATABLE_READ [default REPEATABLE_READ]
	JDBC fetch size: none
	Pool: DataSourceConnectionProvider
	Minimum pool size: undefined/unknown
	Maximum pool size: undefined/unknown
2026-06-03T11:55:16.484+05:30  INFO 17804 --- [restartedMain] org.hibernate.orm.core                   : HHH000489: No JTA platform available (set 'hibernate.transaction.jta.platform' to enable JTA platform integration)
2026-06-03T11:55:16.485+05:30  INFO 17804 --- [restartedMain] j.LocalContainerEntityManagerFactoryBean : Initialized JPA EntityManagerFactory for persistence unit 'default'
2026-06-03T11:55:16.577+05:30  WARN 17804 --- [restartedMain] JpaBaseConfiguration$JpaWebConfiguration : spring.jpa.open-in-view is enabled by default. Therefore, database queries may be performed during view rendering. Explicitly configure spring.jpa.open-in-view to disable this warning
2026-06-03T11:55:16.692+05:30  INFO 17804 --- [restartedMain] o.s.boot.tomcat.TomcatWebServer          : Tomcat started on port 8282 (http) with context path '/'
2026-06-03T11:55:16.695+05:30  INFO 17804 --- [restartedMain] c.msedcl.main.transaction.Application    : Started Application in 0.719 seconds (process running for 1628.146)
2026-06-03T11:55:16.697+05:30  INFO 17804 --- [restartedMain] .ConditionEvaluationDeltaLoggingListener : Condition evaluation unchanged
2026-06-03T11:55:36.259+05:30  INFO 17804 --- [File Watcher] rtingClassPathChangeChangedEventListener : Restarting due to 4 class path changes (0 additions, 1 deletion, 3 modifications)
2026-06-03T11:55:36.260+05:30  INFO 17804 --- [Thread-65] o.s.boot.tomcat.GracefulShutdown         : Commencing graceful shutdown. Waiting for active requests to complete
2026-06-03T11:55:36.263+05:30  INFO 17804 --- [tomcat-shutdown] o.s.boot.tomcat.GracefulShutdown         : Graceful shutdown complete
2026-06-03T11:55:36.265+05:30  INFO 17804 --- [Thread-65] j.LocalContainerEntityManagerFactoryBean : Closing JPA EntityManagerFactory for persistence unit 'default'
2026-06-03T11:55:36.266+05:30  INFO 17804 --- [Thread-65] com.zaxxer.hikari.HikariDataSource       : HikariPool-17 - Shutdown initiated...
2026-06-03T11:55:36.269+05:30  INFO 17804 --- [Thread-65] com.zaxxer.hikari.HikariDataSource       : HikariPool-17 - Shutdown completed.
2026-06-03T11:55:36.360+05:30  INFO 17804 --- [restartedMain] c.msedcl.main.transaction.Application    : Starting Application using Java 25.0.1 with PID 17804 (C:\Training\Spring Boot Microservices\03_TransactionService\target\classes started by student5 in C:\Training\Spring Boot Microservices\03_TransactionService)
2026-06-03T11:55:36.361+05:30  INFO 17804 --- [restartedMain] c.msedcl.main.transaction.Application    : No active profile set, falling back to 1 default profile: "default"
2026-06-03T11:55:36.513+05:30  INFO 17804 --- [restartedMain] .s.d.r.c.RepositoryConfigurationDelegate : Bootstrapping Spring Data JPA repositories in DEFAULT mode.
2026-06-03T11:55:36.525+05:30  INFO 17804 --- [restartedMain] .s.d.r.c.RepositoryConfigurationDelegate : Finished Spring Data repository scanning in 10 ms. Found 1 JPA repository interface.
2026-06-03T11:55:36.602+05:30  INFO 17804 --- [restartedMain] o.s.boot.tomcat.TomcatWebServer          : Tomcat initialized with port 8282 (http)
2026-06-03T11:55:36.603+05:30  INFO 17804 --- [restartedMain] o.apache.catalina.core.StandardService   : Starting service [Tomcat]
2026-06-03T11:55:36.603+05:30  INFO 17804 --- [restartedMain] o.apache.catalina.core.StandardEngine    : Starting Servlet engine: [Apache Tomcat/11.0.21]
2026-06-03T11:55:36.624+05:30  INFO 17804 --- [restartedMain] b.w.c.s.WebApplicationContextInitializer : Root WebApplicationContext: initialization completed in 262 ms
2026-06-03T11:55:36.654+05:30  INFO 17804 --- [restartedMain] com.zaxxer.hikari.HikariDataSource       : HikariPool-18 - Starting...
2026-06-03T11:55:36.671+05:30  INFO 17804 --- [restartedMain] com.zaxxer.hikari.pool.HikariPool        : HikariPool-18 - Added connection com.mysql.cj.jdbc.ConnectionImpl@5505091a
2026-06-03T11:55:36.671+05:30  INFO 17804 --- [restartedMain] com.zaxxer.hikari.HikariDataSource       : HikariPool-18 - Start completed.
2026-06-03T11:55:36.672+05:30  INFO 17804 --- [restartedMain] org.hibernate.orm.jpa                    : HHH008540: Processing PersistenceUnitInfo [name: default]
2026-06-03T11:55:36.707+05:30  INFO 17804 --- [restartedMain] o.s.o.j.p.SpringPersistenceUnitInfo      : No LoadTimeWeaver setup: ignoring JPA class transformer
2026-06-03T11:55:36.710+05:30  INFO 17804 --- [restartedMain] org.hibernate.orm.connections.pooling    : HHH10001005: Database info:
	Database JDBC URL [jdbc:mysql://localhost:3306/transaction_db]
	Database driver: MySQL Connector/J
	Database dialect: MySQLDialect
	Database version: 8.0.45
	Default catalog/schema: transaction_db/undefined
	Autocommit mode: undefined/unknown
	Isolation level: REPEATABLE_READ [default REPEATABLE_READ]
	JDBC fetch size: none
	Pool: DataSourceConnectionProvider
	Minimum pool size: undefined/unknown
	Maximum pool size: undefined/unknown
2026-06-03T11:55:36.756+05:30  INFO 17804 --- [restartedMain] org.hibernate.orm.core                   : HHH000489: No JTA platform available (set 'hibernate.transaction.jta.platform' to enable JTA platform integration)
2026-06-03T11:55:36.758+05:30  INFO 17804 --- [restartedMain] j.LocalContainerEntityManagerFactoryBean : Initialized JPA EntityManagerFactory for persistence unit 'default'
2026-06-03T11:55:36.844+05:30  WARN 17804 --- [restartedMain] JpaBaseConfiguration$JpaWebConfiguration : spring.jpa.open-in-view is enabled by default. Therefore, database queries may be performed during view rendering. Explicitly configure spring.jpa.open-in-view to disable this warning
2026-06-03T11:55:36.931+05:30  INFO 17804 --- [restartedMain] o.s.boot.tomcat.TomcatWebServer          : Tomcat started on port 8282 (http) with context path '/'
2026-06-03T11:55:36.934+05:30  INFO 17804 --- [restartedMain] c.msedcl.main.transaction.Application    : Started Application in 0.597 seconds (process running for 1648.386)
2026-06-03T11:55:36.936+05:30  INFO 17804 --- [restartedMain] .ConditionEvaluationDeltaLoggingListener : Condition evaluation unchanged
2026-06-03T11:55:50.451+05:30  INFO 17804 --- [File Watcher] rtingClassPathChangeChangedEventListener : Restarting due to 2 class path changes (0 additions, 0 deletions, 2 modifications)
2026-06-03T11:55:50.452+05:30  INFO 17804 --- [Thread-69] o.s.boot.tomcat.GracefulShutdown         : Commencing graceful shutdown. Waiting for active requests to complete
2026-06-03T11:55:50.455+05:30  INFO 17804 --- [tomcat-shutdown] o.s.boot.tomcat.GracefulShutdown         : Graceful shutdown complete
2026-06-03T11:55:50.457+05:30  INFO 17804 --- [Thread-69] j.LocalContainerEntityManagerFactoryBean : Closing JPA EntityManagerFactory for persistence unit 'default'
2026-06-03T11:55:50.458+05:30  INFO 17804 --- [Thread-69] com.zaxxer.hikari.HikariDataSource       : HikariPool-18 - Shutdown initiated...
2026-06-03T11:55:50.461+05:30  INFO 17804 --- [Thread-69] com.zaxxer.hikari.HikariDataSource       : HikariPool-18 - Shutdown completed.
2026-06-03T11:55:50.549+05:30  INFO 17804 --- [restartedMain] c.msedcl.main.transaction.Application    : Starting Application using Java 25.0.1 with PID 17804 (C:\Training\Spring Boot Microservices\03_TransactionService\target\classes started by student5 in C:\Training\Spring Boot Microservices\03_TransactionService)
2026-06-03T11:55:50.549+05:30  INFO 17804 --- [restartedMain] c.msedcl.main.transaction.Application    : No active profile set, falling back to 1 default profile: "default"
2026-06-03T11:55:50.714+05:30  INFO 17804 --- [restartedMain] .s.d.r.c.RepositoryConfigurationDelegate : Bootstrapping Spring Data JPA repositories in DEFAULT mode.
2026-06-03T11:55:50.727+05:30  INFO 17804 --- [restartedMain] .s.d.r.c.RepositoryConfigurationDelegate : Finished Spring Data repository scanning in 11 ms. Found 1 JPA repository interface.
2026-06-03T11:55:50.804+05:30  INFO 17804 --- [restartedMain] o.s.boot.tomcat.TomcatWebServer          : Tomcat initialized with port 8282 (http)
2026-06-03T11:55:50.805+05:30  INFO 17804 --- [restartedMain] o.apache.catalina.core.StandardService   : Starting service [Tomcat]
2026-06-03T11:55:50.805+05:30  INFO 17804 --- [restartedMain] o.apache.catalina.core.StandardEngine    : Starting Servlet engine: [Apache Tomcat/11.0.21]
2026-06-03T11:55:50.826+05:30  INFO 17804 --- [restartedMain] b.w.c.s.WebApplicationContextInitializer : Root WebApplicationContext: initialization completed in 275 ms
2026-06-03T11:55:50.858+05:30  INFO 17804 --- [restartedMain] com.zaxxer.hikari.HikariDataSource       : HikariPool-19 - Starting...
2026-06-03T11:55:50.876+05:30  INFO 17804 --- [restartedMain] com.zaxxer.hikari.pool.HikariPool        : HikariPool-19 - Added connection com.mysql.cj.jdbc.ConnectionImpl@51123b75
2026-06-03T11:55:50.876+05:30  INFO 17804 --- [restartedMain] com.zaxxer.hikari.HikariDataSource       : HikariPool-19 - Start completed.
2026-06-03T11:55:50.877+05:30  INFO 17804 --- [restartedMain] org.hibernate.orm.jpa                    : HHH008540: Processing PersistenceUnitInfo [name: default]
2026-06-03T11:55:50.912+05:30  INFO 17804 --- [restartedMain] o.s.o.j.p.SpringPersistenceUnitInfo      : No LoadTimeWeaver setup: ignoring JPA class transformer
2026-06-03T11:55:50.914+05:30  INFO 17804 --- [restartedMain] org.hibernate.orm.connections.pooling    : HHH10001005: Database info:
	Database JDBC URL [jdbc:mysql://localhost:3306/transaction_db]
	Database driver: MySQL Connector/J
	Database dialect: MySQLDialect
	Database version: 8.0.45
	Default catalog/schema: transaction_db/undefined
	Autocommit mode: undefined/unknown
	Isolation level: REPEATABLE_READ [default REPEATABLE_READ]
	JDBC fetch size: none
	Pool: DataSourceConnectionProvider
	Minimum pool size: undefined/unknown
	Maximum pool size: undefined/unknown
2026-06-03T11:55:50.964+05:30  INFO 17804 --- [restartedMain] org.hibernate.orm.core                   : HHH000489: No JTA platform available (set 'hibernate.transaction.jta.platform' to enable JTA platform integration)
2026-06-03T11:55:50.965+05:30  INFO 17804 --- [restartedMain] j.LocalContainerEntityManagerFactoryBean : Initialized JPA EntityManagerFactory for persistence unit 'default'
2026-06-03T11:55:51.055+05:30  WARN 17804 --- [restartedMain] JpaBaseConfiguration$JpaWebConfiguration : spring.jpa.open-in-view is enabled by default. Therefore, database queries may be performed during view rendering. Explicitly configure spring.jpa.open-in-view to disable this warning
2026-06-03T11:55:51.144+05:30  INFO 17804 --- [restartedMain] o.s.boot.tomcat.TomcatWebServer          : Tomcat started on port 8282 (http) with context path '/'
2026-06-03T11:55:51.149+05:30  INFO 17804 --- [restartedMain] c.msedcl.main.transaction.Application    : Started Application in 0.623 seconds (process running for 1662.6)
2026-06-03T11:55:51.150+05:30  INFO 17804 --- [restartedMain] .ConditionEvaluationDeltaLoggingListener : Condition evaluation unchanged
2026-06-03T11:55:58.602+05:30  INFO 17804 --- [File Watcher] rtingClassPathChangeChangedEventListener : Restarting due to 2 class path changes (0 additions, 0 deletions, 2 modifications)
2026-06-03T11:55:58.603+05:30  INFO 17804 --- [Thread-73] o.s.boot.tomcat.GracefulShutdown         : Commencing graceful shutdown. Waiting for active requests to complete
2026-06-03T11:55:58.606+05:30  INFO 17804 --- [tomcat-shutdown] o.s.boot.tomcat.GracefulShutdown         : Graceful shutdown complete
2026-06-03T11:55:58.608+05:30  INFO 17804 --- [Thread-73] j.LocalContainerEntityManagerFactoryBean : Closing JPA EntityManagerFactory for persistence unit 'default'
2026-06-03T11:55:58.609+05:30  INFO 17804 --- [Thread-73] com.zaxxer.hikari.HikariDataSource       : HikariPool-19 - Shutdown initiated...
2026-06-03T11:55:58.612+05:30  INFO 17804 --- [Thread-73] com.zaxxer.hikari.HikariDataSource       : HikariPool-19 - Shutdown completed.
2026-06-03T11:55:58.699+05:30  INFO 17804 --- [restartedMain] c.msedcl.main.transaction.Application    : Starting Application using Java 25.0.1 with PID 17804 (C:\Training\Spring Boot Microservices\03_TransactionService\target\classes started by student5 in C:\Training\Spring Boot Microservices\03_TransactionService)
2026-06-03T11:55:58.700+05:30  INFO 17804 --- [restartedMain] c.msedcl.main.transaction.Application    : No active profile set, falling back to 1 default profile: "default"
2026-06-03T11:55:58.855+05:30  INFO 17804 --- [restartedMain] .s.d.r.c.RepositoryConfigurationDelegate : Bootstrapping Spring Data JPA repositories in DEFAULT mode.
2026-06-03T11:55:58.867+05:30  INFO 17804 --- [restartedMain] .s.d.r.c.RepositoryConfigurationDelegate : Finished Spring Data repository scanning in 10 ms. Found 1 JPA repository interface.
2026-06-03T11:55:58.946+05:30  INFO 17804 --- [restartedMain] o.s.boot.tomcat.TomcatWebServer          : Tomcat initialized with port 8282 (http)
2026-06-03T11:55:58.946+05:30  INFO 17804 --- [restartedMain] o.apache.catalina.core.StandardService   : Starting service [Tomcat]
2026-06-03T11:55:58.946+05:30  INFO 17804 --- [restartedMain] o.apache.catalina.core.StandardEngine    : Starting Servlet engine: [Apache Tomcat/11.0.21]
2026-06-03T11:55:58.967+05:30  INFO 17804 --- [restartedMain] b.w.c.s.WebApplicationContextInitializer : Root WebApplicationContext: initialization completed in 265 ms
2026-06-03T11:55:58.995+05:30  INFO 17804 --- [restartedMain] com.zaxxer.hikari.HikariDataSource       : HikariPool-20 - Starting...
2026-06-03T11:55:59.012+05:30  INFO 17804 --- [restartedMain] com.zaxxer.hikari.pool.HikariPool        : HikariPool-20 - Added connection com.mysql.cj.jdbc.ConnectionImpl@5a3dedc1
2026-06-03T11:55:59.012+05:30  INFO 17804 --- [restartedMain] com.zaxxer.hikari.HikariDataSource       : HikariPool-20 - Start completed.
2026-06-03T11:55:59.013+05:30  INFO 17804 --- [restartedMain] org.hibernate.orm.jpa                    : HHH008540: Processing PersistenceUnitInfo [name: default]
2026-06-03T11:55:59.049+05:30  INFO 17804 --- [restartedMain] o.s.o.j.p.SpringPersistenceUnitInfo      : No LoadTimeWeaver setup: ignoring JPA class transformer
2026-06-03T11:55:59.052+05:30  INFO 17804 --- [restartedMain] org.hibernate.orm.connections.pooling    : HHH10001005: Database info:
	Database JDBC URL [jdbc:mysql://localhost:3306/transaction_db]
	Database driver: MySQL Connector/J
	Database dialect: MySQLDialect
	Database version: 8.0.45
	Default catalog/schema: transaction_db/undefined
	Autocommit mode: undefined/unknown
	Isolation level: REPEATABLE_READ [default REPEATABLE_READ]
	JDBC fetch size: none
	Pool: DataSourceConnectionProvider
	Minimum pool size: undefined/unknown
	Maximum pool size: undefined/unknown
2026-06-03T11:55:59.101+05:30  INFO 17804 --- [restartedMain] org.hibernate.orm.core                   : HHH000489: No JTA platform available (set 'hibernate.transaction.jta.platform' to enable JTA platform integration)
2026-06-03T11:55:59.102+05:30  INFO 17804 --- [restartedMain] j.LocalContainerEntityManagerFactoryBean : Initialized JPA EntityManagerFactory for persistence unit 'default'
2026-06-03T11:55:59.190+05:30  WARN 17804 --- [restartedMain] JpaBaseConfiguration$JpaWebConfiguration : spring.jpa.open-in-view is enabled by default. Therefore, database queries may be performed during view rendering. Explicitly configure spring.jpa.open-in-view to disable this warning
2026-06-03T11:55:59.278+05:30  INFO 17804 --- [restartedMain] o.s.boot.tomcat.TomcatWebServer          : Tomcat started on port 8282 (http) with context path '/'
2026-06-03T11:55:59.282+05:30  INFO 17804 --- [restartedMain] c.msedcl.main.transaction.Application    : Started Application in 0.606 seconds (process running for 1670.734)
2026-06-03T11:55:59.283+05:30  INFO 17804 --- [restartedMain] .ConditionEvaluationDeltaLoggingListener : Condition evaluation unchanged
2026-06-03T11:57:23.312+05:30  INFO 17804 --- [File Watcher] rtingClassPathChangeChangedEventListener : Restarting due to 1 class path change (0 additions, 0 deletions, 1 modification)
2026-06-03T11:57:23.313+05:30  INFO 17804 --- [Thread-77] o.s.boot.tomcat.GracefulShutdown         : Commencing graceful shutdown. Waiting for active requests to complete
2026-06-03T11:57:23.316+05:30  INFO 17804 --- [tomcat-shutdown] o.s.boot.tomcat.GracefulShutdown         : Graceful shutdown complete
2026-06-03T11:57:23.318+05:30  INFO 17804 --- [Thread-77] j.LocalContainerEntityManagerFactoryBean : Closing JPA EntityManagerFactory for persistence unit 'default'
2026-06-03T11:57:23.319+05:30  INFO 17804 --- [Thread-77] com.zaxxer.hikari.HikariDataSource       : HikariPool-20 - Shutdown initiated...
2026-06-03T11:57:23.322+05:30  INFO 17804 --- [Thread-77] com.zaxxer.hikari.HikariDataSource       : HikariPool-20 - Shutdown completed.
2026-06-03T11:57:23.414+05:30  INFO 17804 --- [restartedMain] c.msedcl.main.transaction.Application    : Starting Application using Java 25.0.1 with PID 17804 (C:\Training\Spring Boot Microservices\03_TransactionService\target\classes started by student5 in C:\Training\Spring Boot Microservices\03_TransactionService)
2026-06-03T11:57:23.415+05:30  INFO 17804 --- [restartedMain] c.msedcl.main.transaction.Application    : No active profile set, falling back to 1 default profile: "default"
2026-06-03T11:57:23.573+05:30  INFO 17804 --- [restartedMain] .s.d.r.c.RepositoryConfigurationDelegate : Bootstrapping Spring Data JPA repositories in DEFAULT mode.
2026-06-03T11:57:23.584+05:30  INFO 17804 --- [restartedMain] .s.d.r.c.RepositoryConfigurationDelegate : Finished Spring Data repository scanning in 10 ms. Found 1 JPA repository interface.
2026-06-03T11:57:23.659+05:30  INFO 17804 --- [restartedMain] o.s.boot.tomcat.TomcatWebServer          : Tomcat initialized with port 8282 (http)
2026-06-03T11:57:23.660+05:30  INFO 17804 --- [restartedMain] o.apache.catalina.core.StandardService   : Starting service [Tomcat]
2026-06-03T11:57:23.660+05:30  INFO 17804 --- [restartedMain] o.apache.catalina.core.StandardEngine    : Starting Servlet engine: [Apache Tomcat/11.0.21]
2026-06-03T11:57:23.684+05:30  INFO 17804 --- [restartedMain] b.w.c.s.WebApplicationContextInitializer : Root WebApplicationContext: initialization completed in 267 ms
2026-06-03T11:57:23.715+05:30  INFO 17804 --- [restartedMain] com.zaxxer.hikari.HikariDataSource       : HikariPool-21 - Starting...
2026-06-03T11:57:23.732+05:30  INFO 17804 --- [restartedMain] com.zaxxer.hikari.pool.HikariPool        : HikariPool-21 - Added connection com.mysql.cj.jdbc.ConnectionImpl@54cbba5b
2026-06-03T11:57:23.733+05:30  INFO 17804 --- [restartedMain] com.zaxxer.hikari.HikariDataSource       : HikariPool-21 - Start completed.
2026-06-03T11:57:23.734+05:30  INFO 17804 --- [restartedMain] org.hibernate.orm.jpa                    : HHH008540: Processing PersistenceUnitInfo [name: default]
2026-06-03T11:57:23.770+05:30  INFO 17804 --- [restartedMain] o.s.o.j.p.SpringPersistenceUnitInfo      : No LoadTimeWeaver setup: ignoring JPA class transformer
2026-06-03T11:57:23.772+05:30  INFO 17804 --- [restartedMain] org.hibernate.orm.connections.pooling    : HHH10001005: Database info:
	Database JDBC URL [jdbc:mysql://localhost:3306/transaction_db]
	Database driver: MySQL Connector/J
	Database dialect: MySQLDialect
	Database version: 8.0.45
	Default catalog/schema: transaction_db/undefined
	Autocommit mode: undefined/unknown
	Isolation level: REPEATABLE_READ [default REPEATABLE_READ]
	JDBC fetch size: none
	Pool: DataSourceConnectionProvider
	Minimum pool size: undefined/unknown
	Maximum pool size: undefined/unknown
2026-06-03T11:57:23.821+05:30  INFO 17804 --- [restartedMain] org.hibernate.orm.core                   : HHH000489: No JTA platform available (set 'hibernate.transaction.jta.platform' to enable JTA platform integration)
2026-06-03T11:57:23.822+05:30  INFO 17804 --- [restartedMain] j.LocalContainerEntityManagerFactoryBean : Initialized JPA EntityManagerFactory for persistence unit 'default'
2026-06-03T11:57:23.941+05:30  WARN 17804 --- [restartedMain] JpaBaseConfiguration$JpaWebConfiguration : spring.jpa.open-in-view is enabled by default. Therefore, database queries may be performed during view rendering. Explicitly configure spring.jpa.open-in-view to disable this warning
2026-06-03T11:57:24.035+05:30  INFO 17804 --- [restartedMain] o.s.boot.tomcat.TomcatWebServer          : Tomcat started on port 8282 (http) with context path '/'
2026-06-03T11:57:24.041+05:30  INFO 17804 --- [restartedMain] c.msedcl.main.transaction.Application    : Started Application in 0.65 seconds (process running for 1755.493)
2026-06-03T11:57:24.044+05:30  INFO 17804 --- [restartedMain] .ConditionEvaluationDeltaLoggingListener : Condition evaluation unchanged
2026-06-03T11:57:32.497+05:30  INFO 17804 --- [File Watcher] rtingClassPathChangeChangedEventListener : Restarting due to 1 class path change (0 additions, 0 deletions, 1 modification)
2026-06-03T11:57:32.498+05:30  INFO 17804 --- [Thread-81] o.s.boot.tomcat.GracefulShutdown         : Commencing graceful shutdown. Waiting for active requests to complete
2026-06-03T11:57:32.501+05:30  INFO 17804 --- [tomcat-shutdown] o.s.boot.tomcat.GracefulShutdown         : Graceful shutdown complete
2026-06-03T11:57:32.504+05:30  INFO 17804 --- [Thread-81] j.LocalContainerEntityManagerFactoryBean : Closing JPA EntityManagerFactory for persistence unit 'default'
2026-06-03T11:57:32.504+05:30  INFO 17804 --- [Thread-81] com.zaxxer.hikari.HikariDataSource       : HikariPool-21 - Shutdown initiated...
2026-06-03T11:57:32.510+05:30  INFO 17804 --- [Thread-81] com.zaxxer.hikari.HikariDataSource       : HikariPool-21 - Shutdown completed.
2026-06-03T11:57:32.598+05:30  INFO 17804 --- [restartedMain] c.msedcl.main.transaction.Application    : Starting Application using Java 25.0.1 with PID 17804 (C:\Training\Spring Boot Microservices\03_TransactionService\target\classes started by student5 in C:\Training\Spring Boot Microservices\03_TransactionService)
2026-06-03T11:57:32.598+05:30  INFO 17804 --- [restartedMain] c.msedcl.main.transaction.Application    : No active profile set, falling back to 1 default profile: "default"
2026-06-03T11:57:32.756+05:30  INFO 17804 --- [restartedMain] .s.d.r.c.RepositoryConfigurationDelegate : Bootstrapping Spring Data JPA repositories in DEFAULT mode.
2026-06-03T11:57:32.768+05:30  INFO 17804 --- [restartedMain] .s.d.r.c.RepositoryConfigurationDelegate : Finished Spring Data repository scanning in 11 ms. Found 1 JPA repository interface.
2026-06-03T11:57:32.853+05:30  INFO 17804 --- [restartedMain] o.s.boot.tomcat.TomcatWebServer          : Tomcat initialized with port 8282 (http)
2026-06-03T11:57:32.854+05:30  INFO 17804 --- [restartedMain] o.apache.catalina.core.StandardService   : Starting service [Tomcat]
2026-06-03T11:57:32.854+05:30  INFO 17804 --- [restartedMain] o.apache.catalina.core.StandardEngine    : Starting Servlet engine: [Apache Tomcat/11.0.21]
2026-06-03T11:57:32.876+05:30  INFO 17804 --- [restartedMain] b.w.c.s.WebApplicationContextInitializer : Root WebApplicationContext: initialization completed in 276 ms
2026-06-03T11:57:32.907+05:30  INFO 17804 --- [restartedMain] com.zaxxer.hikari.HikariDataSource       : HikariPool-22 - Starting...
2026-06-03T11:57:32.925+05:30  INFO 17804 --- [restartedMain] com.zaxxer.hikari.pool.HikariPool        : HikariPool-22 - Added connection com.mysql.cj.jdbc.ConnectionImpl@62ebea3b
2026-06-03T11:57:32.925+05:30  INFO 17804 --- [restartedMain] com.zaxxer.hikari.HikariDataSource       : HikariPool-22 - Start completed.
2026-06-03T11:57:32.926+05:30  INFO 17804 --- [restartedMain] org.hibernate.orm.jpa                    : HHH008540: Processing PersistenceUnitInfo [name: default]
2026-06-03T11:57:32.967+05:30  INFO 17804 --- [restartedMain] o.s.o.j.p.SpringPersistenceUnitInfo      : No LoadTimeWeaver setup: ignoring JPA class transformer
2026-06-03T11:57:32.971+05:30  INFO 17804 --- [restartedMain] org.hibernate.orm.connections.pooling    : HHH10001005: Database info:
	Database JDBC URL [jdbc:mysql://localhost:3306/transaction_db]
	Database driver: MySQL Connector/J
	Database dialect: MySQLDialect
	Database version: 8.0.45
	Default catalog/schema: transaction_db/undefined
	Autocommit mode: undefined/unknown
	Isolation level: REPEATABLE_READ [default REPEATABLE_READ]
	JDBC fetch size: none
	Pool: DataSourceConnectionProvider
	Minimum pool size: undefined/unknown
	Maximum pool size: undefined/unknown
2026-06-03T11:57:33.025+05:30  INFO 17804 --- [restartedMain] org.hibernate.orm.core                   : HHH000489: No JTA platform available (set 'hibernate.transaction.jta.platform' to enable JTA platform integration)
2026-06-03T11:57:33.026+05:30  INFO 17804 --- [restartedMain] j.LocalContainerEntityManagerFactoryBean : Initialized JPA EntityManagerFactory for persistence unit 'default'
2026-06-03T11:57:33.122+05:30  WARN 17804 --- [restartedMain] JpaBaseConfiguration$JpaWebConfiguration : spring.jpa.open-in-view is enabled by default. Therefore, database queries may be performed during view rendering. Explicitly configure spring.jpa.open-in-view to disable this warning
2026-06-03T11:57:33.216+05:30  INFO 17804 --- [restartedMain] o.s.boot.tomcat.TomcatWebServer          : Tomcat started on port 8282 (http) with context path '/'
2026-06-03T11:57:33.222+05:30  INFO 17804 --- [restartedMain] c.msedcl.main.transaction.Application    : Started Application in 0.648 seconds (process running for 1764.673)
2026-06-03T11:57:33.223+05:30  INFO 17804 --- [restartedMain] .ConditionEvaluationDeltaLoggingListener : Condition evaluation unchanged
2026-06-03T11:57:38.650+05:30  INFO 17804 --- [File Watcher] rtingClassPathChangeChangedEventListener : Restarting due to 1 class path change (0 additions, 0 deletions, 1 modification)
2026-06-03T11:57:38.651+05:30  INFO 17804 --- [Thread-85] o.s.boot.tomcat.GracefulShutdown         : Commencing graceful shutdown. Waiting for active requests to complete
2026-06-03T11:57:38.654+05:30  INFO 17804 --- [tomcat-shutdown] o.s.boot.tomcat.GracefulShutdown         : Graceful shutdown complete
2026-06-03T11:57:38.656+05:30  INFO 17804 --- [Thread-85] j.LocalContainerEntityManagerFactoryBean : Closing JPA EntityManagerFactory for persistence unit 'default'
2026-06-03T11:57:38.656+05:30  INFO 17804 --- [Thread-85] com.zaxxer.hikari.HikariDataSource       : HikariPool-22 - Shutdown initiated...
2026-06-03T11:57:38.659+05:30  INFO 17804 --- [Thread-85] com.zaxxer.hikari.HikariDataSource       : HikariPool-22 - Shutdown completed.
2026-06-03T11:57:38.751+05:30  INFO 17804 --- [restartedMain] c.msedcl.main.transaction.Application    : Starting Application using Java 25.0.1 with PID 17804 (C:\Training\Spring Boot Microservices\03_TransactionService\target\classes started by student5 in C:\Training\Spring Boot Microservices\03_TransactionService)
2026-06-03T11:57:38.751+05:30  INFO 17804 --- [restartedMain] c.msedcl.main.transaction.Application    : No active profile set, falling back to 1 default profile: "default"
2026-06-03T11:57:38.912+05:30  INFO 17804 --- [restartedMain] .s.d.r.c.RepositoryConfigurationDelegate : Bootstrapping Spring Data JPA repositories in DEFAULT mode.
2026-06-03T11:57:38.924+05:30  INFO 17804 --- [restartedMain] .s.d.r.c.RepositoryConfigurationDelegate : Finished Spring Data repository scanning in 10 ms. Found 1 JPA repository interface.
2026-06-03T11:57:39.001+05:30  INFO 17804 --- [restartedMain] o.s.boot.tomcat.TomcatWebServer          : Tomcat initialized with port 8282 (http)
2026-06-03T11:57:39.002+05:30  INFO 17804 --- [restartedMain] o.apache.catalina.core.StandardService   : Starting service [Tomcat]
2026-06-03T11:57:39.002+05:30  INFO 17804 --- [restartedMain] o.apache.catalina.core.StandardEngine    : Starting Servlet engine: [Apache Tomcat/11.0.21]
2026-06-03T11:57:39.023+05:30  INFO 17804 --- [restartedMain] b.w.c.s.WebApplicationContextInitializer : Root WebApplicationContext: initialization completed in 270 ms
2026-06-03T11:57:39.053+05:30  INFO 17804 --- [restartedMain] com.zaxxer.hikari.HikariDataSource       : HikariPool-23 - Starting...
2026-06-03T11:57:39.070+05:30  INFO 17804 --- [restartedMain] com.zaxxer.hikari.pool.HikariPool        : HikariPool-23 - Added connection com.mysql.cj.jdbc.ConnectionImpl@4b8c1259
2026-06-03T11:57:39.070+05:30  INFO 17804 --- [restartedMain] com.zaxxer.hikari.HikariDataSource       : HikariPool-23 - Start completed.
2026-06-03T11:57:39.071+05:30  INFO 17804 --- [restartedMain] org.hibernate.orm.jpa                    : HHH008540: Processing PersistenceUnitInfo [name: default]
2026-06-03T11:57:39.118+05:30  INFO 17804 --- [restartedMain] o.s.o.j.p.SpringPersistenceUnitInfo      : No LoadTimeWeaver setup: ignoring JPA class transformer
2026-06-03T11:57:39.122+05:30  INFO 17804 --- [restartedMain] org.hibernate.orm.connections.pooling    : HHH10001005: Database info:
	Database JDBC URL [jdbc:mysql://localhost:3306/transaction_db]
	Database driver: MySQL Connector/J
	Database dialect: MySQLDialect
	Database version: 8.0.45
	Default catalog/schema: transaction_db/undefined
	Autocommit mode: undefined/unknown
	Isolation level: REPEATABLE_READ [default REPEATABLE_READ]
	JDBC fetch size: none
	Pool: DataSourceConnectionProvider
	Minimum pool size: undefined/unknown
	Maximum pool size: undefined/unknown
2026-06-03T11:57:39.209+05:30  INFO 17804 --- [restartedMain] org.hibernate.orm.core                   : HHH000489: No JTA platform available (set 'hibernate.transaction.jta.platform' to enable JTA platform integration)
2026-06-03T11:57:39.210+05:30  INFO 17804 --- [restartedMain] j.LocalContainerEntityManagerFactoryBean : Initialized JPA EntityManagerFactory for persistence unit 'default'
2026-06-03T11:57:39.311+05:30  WARN 17804 --- [restartedMain] JpaBaseConfiguration$JpaWebConfiguration : spring.jpa.open-in-view is enabled by default. Therefore, database queries may be performed during view rendering. Explicitly configure spring.jpa.open-in-view to disable this warning
2026-06-03T11:57:39.398+05:30  INFO 17804 --- [restartedMain] o.s.boot.tomcat.TomcatWebServer          : Tomcat started on port 8282 (http) with context path '/'
2026-06-03T11:57:39.401+05:30  INFO 17804 --- [restartedMain] c.msedcl.main.transaction.Application    : Started Application in 0.676 seconds (process running for 1770.853)
2026-06-03T11:57:39.405+05:30  INFO 17804 --- [restartedMain] .ConditionEvaluationDeltaLoggingListener : Condition evaluation unchanged
2026-06-03T11:57:43.875+05:30  INFO 17804 --- [File Watcher] rtingClassPathChangeChangedEventListener : Restarting due to 1 class path change (0 additions, 0 deletions, 1 modification)
2026-06-03T11:57:43.876+05:30  INFO 17804 --- [Thread-89] o.s.boot.tomcat.GracefulShutdown         : Commencing graceful shutdown. Waiting for active requests to complete
2026-06-03T11:57:43.879+05:30  INFO 17804 --- [tomcat-shutdown] o.s.boot.tomcat.GracefulShutdown         : Graceful shutdown complete
2026-06-03T11:57:43.881+05:30  INFO 17804 --- [Thread-89] j.LocalContainerEntityManagerFactoryBean : Closing JPA EntityManagerFactory for persistence unit 'default'
2026-06-03T11:57:43.882+05:30  INFO 17804 --- [Thread-89] com.zaxxer.hikari.HikariDataSource       : HikariPool-23 - Shutdown initiated...
2026-06-03T11:57:43.885+05:30  INFO 17804 --- [Thread-89] com.zaxxer.hikari.HikariDataSource       : HikariPool-23 - Shutdown completed.
2026-06-03T11:57:43.973+05:30  INFO 17804 --- [restartedMain] c.msedcl.main.transaction.Application    : Starting Application using Java 25.0.1 with PID 17804 (C:\Training\Spring Boot Microservices\03_TransactionService\target\classes started by student5 in C:\Training\Spring Boot Microservices\03_TransactionService)
2026-06-03T11:57:43.973+05:30  INFO 17804 --- [restartedMain] c.msedcl.main.transaction.Application    : No active profile set, falling back to 1 default profile: "default"
2026-06-03T11:57:44.138+05:30  INFO 17804 --- [restartedMain] .s.d.r.c.RepositoryConfigurationDelegate : Bootstrapping Spring Data JPA repositories in DEFAULT mode.
2026-06-03T11:57:44.151+05:30  INFO 17804 --- [restartedMain] .s.d.r.c.RepositoryConfigurationDelegate : Finished Spring Data repository scanning in 12 ms. Found 1 JPA repository interface.
2026-06-03T11:57:44.235+05:30  INFO 17804 --- [restartedMain] o.s.boot.tomcat.TomcatWebServer          : Tomcat initialized with port 8282 (http)
2026-06-03T11:57:44.235+05:30  INFO 17804 --- [restartedMain] o.apache.catalina.core.StandardService   : Starting service [Tomcat]
2026-06-03T11:57:44.236+05:30  INFO 17804 --- [restartedMain] o.apache.catalina.core.StandardEngine    : Starting Servlet engine: [Apache Tomcat/11.0.21]
2026-06-03T11:57:44.256+05:30  INFO 17804 --- [restartedMain] b.w.c.s.WebApplicationContextInitializer : Root WebApplicationContext: initialization completed in 281 ms
2026-06-03T11:57:44.290+05:30  INFO 17804 --- [restartedMain] com.zaxxer.hikari.HikariDataSource       : HikariPool-24 - Starting...
2026-06-03T11:57:44.308+05:30  INFO 17804 --- [restartedMain] com.zaxxer.hikari.pool.HikariPool        : HikariPool-24 - Added connection com.mysql.cj.jdbc.ConnectionImpl@2b76a84b
2026-06-03T11:57:44.309+05:30  INFO 17804 --- [restartedMain] com.zaxxer.hikari.HikariDataSource       : HikariPool-24 - Start completed.
2026-06-03T11:57:44.310+05:30  INFO 17804 --- [restartedMain] org.hibernate.orm.jpa                    : HHH008540: Processing PersistenceUnitInfo [name: default]
2026-06-03T11:57:44.353+05:30  INFO 17804 --- [restartedMain] o.s.o.j.p.SpringPersistenceUnitInfo      : No LoadTimeWeaver setup: ignoring JPA class transformer
2026-06-03T11:57:44.357+05:30  INFO 17804 --- [restartedMain] org.hibernate.orm.connections.pooling    : HHH10001005: Database info:
	Database JDBC URL [jdbc:mysql://localhost:3306/transaction_db]
	Database driver: MySQL Connector/J
	Database dialect: MySQLDialect
	Database version: 8.0.45
	Default catalog/schema: transaction_db/undefined
	Autocommit mode: undefined/unknown
	Isolation level: REPEATABLE_READ [default REPEATABLE_READ]
	JDBC fetch size: none
	Pool: DataSourceConnectionProvider
	Minimum pool size: undefined/unknown
	Maximum pool size: undefined/unknown
2026-06-03T11:57:44.402+05:30  INFO 17804 --- [restartedMain] org.hibernate.orm.core                   : HHH000489: No JTA platform available (set 'hibernate.transaction.jta.platform' to enable JTA platform integration)
2026-06-03T11:57:44.402+05:30  INFO 17804 --- [restartedMain] j.LocalContainerEntityManagerFactoryBean : Initialized JPA EntityManagerFactory for persistence unit 'default'
2026-06-03T11:57:44.483+05:30  WARN 17804 --- [restartedMain] JpaBaseConfiguration$JpaWebConfiguration : spring.jpa.open-in-view is enabled by default. Therefore, database queries may be performed during view rendering. Explicitly configure spring.jpa.open-in-view to disable this warning
2026-06-03T11:57:44.574+05:30  INFO 17804 --- [restartedMain] o.s.boot.tomcat.TomcatWebServer          : Tomcat started on port 8282 (http) with context path '/'
2026-06-03T11:57:44.577+05:30  INFO 17804 --- [restartedMain] c.msedcl.main.transaction.Application    : Started Application in 0.626 seconds (process running for 1776.028)
2026-06-03T11:57:44.579+05:30  INFO 17804 --- [restartedMain] .ConditionEvaluationDeltaLoggingListener : Condition evaluation unchanged
2026-06-03T11:58:17.215+05:30  INFO 17804 --- [File Watcher] rtingClassPathChangeChangedEventListener : Restarting due to 1 class path change (0 additions, 0 deletions, 1 modification)
2026-06-03T11:58:17.216+05:30  INFO 17804 --- [Thread-93] o.s.boot.tomcat.GracefulShutdown         : Commencing graceful shutdown. Waiting for active requests to complete
2026-06-03T11:58:17.219+05:30  INFO 17804 --- [tomcat-shutdown] o.s.boot.tomcat.GracefulShutdown         : Graceful shutdown complete
2026-06-03T11:58:17.222+05:30  INFO 17804 --- [Thread-93] j.LocalContainerEntityManagerFactoryBean : Closing JPA EntityManagerFactory for persistence unit 'default'
2026-06-03T11:58:17.222+05:30  INFO 17804 --- [Thread-93] com.zaxxer.hikari.HikariDataSource       : HikariPool-24 - Shutdown initiated...
2026-06-03T11:58:17.226+05:30  INFO 17804 --- [Thread-93] com.zaxxer.hikari.HikariDataSource       : HikariPool-24 - Shutdown completed.
2026-06-03T11:58:17.313+05:30  INFO 17804 --- [restartedMain] c.msedcl.main.transaction.Application    : Starting Application using Java 25.0.1 with PID 17804 (C:\Training\Spring Boot Microservices\03_TransactionService\target\classes started by student5 in C:\Training\Spring Boot Microservices\03_TransactionService)
2026-06-03T11:58:17.313+05:30  INFO 17804 --- [restartedMain] c.msedcl.main.transaction.Application    : No active profile set, falling back to 1 default profile: "default"
2026-06-03T11:58:17.473+05:30  INFO 17804 --- [restartedMain] .s.d.r.c.RepositoryConfigurationDelegate : Bootstrapping Spring Data JPA repositories in DEFAULT mode.
2026-06-03T11:58:17.486+05:30  INFO 17804 --- [restartedMain] .s.d.r.c.RepositoryConfigurationDelegate : Finished Spring Data repository scanning in 11 ms. Found 1 JPA repository interface.
2026-06-03T11:58:17.560+05:30  INFO 17804 --- [restartedMain] o.s.boot.tomcat.TomcatWebServer          : Tomcat initialized with port 8282 (http)
2026-06-03T11:58:17.561+05:30  INFO 17804 --- [restartedMain] o.apache.catalina.core.StandardService   : Starting service [Tomcat]
2026-06-03T11:58:17.561+05:30  INFO 17804 --- [restartedMain] o.apache.catalina.core.StandardEngine    : Starting Servlet engine: [Apache Tomcat/11.0.21]
2026-06-03T11:58:17.581+05:30  INFO 17804 --- [restartedMain] b.w.c.s.WebApplicationContextInitializer : Root WebApplicationContext: initialization completed in 266 ms
2026-06-03T11:58:17.610+05:30  INFO 17804 --- [restartedMain] com.zaxxer.hikari.HikariDataSource       : HikariPool-25 - Starting...
2026-06-03T11:58:17.627+05:30  INFO 17804 --- [restartedMain] com.zaxxer.hikari.pool.HikariPool        : HikariPool-25 - Added connection com.mysql.cj.jdbc.ConnectionImpl@48cecd2
2026-06-03T11:58:17.627+05:30  INFO 17804 --- [restartedMain] com.zaxxer.hikari.HikariDataSource       : HikariPool-25 - Start completed.
2026-06-03T11:58:17.628+05:30  INFO 17804 --- [restartedMain] org.hibernate.orm.jpa                    : HHH008540: Processing PersistenceUnitInfo [name: default]
2026-06-03T11:58:17.671+05:30  INFO 17804 --- [restartedMain] o.s.o.j.p.SpringPersistenceUnitInfo      : No LoadTimeWeaver setup: ignoring JPA class transformer
2026-06-03T11:58:17.675+05:30  INFO 17804 --- [restartedMain] org.hibernate.orm.connections.pooling    : HHH10001005: Database info:
	Database JDBC URL [jdbc:mysql://localhost:3306/transaction_db]
	Database driver: MySQL Connector/J
	Database dialect: MySQLDialect
	Database version: 8.0.45
	Default catalog/schema: transaction_db/undefined
	Autocommit mode: undefined/unknown
	Isolation level: REPEATABLE_READ [default REPEATABLE_READ]
	JDBC fetch size: none
	Pool: DataSourceConnectionProvider
	Minimum pool size: undefined/unknown
	Maximum pool size: undefined/unknown
2026-06-03T11:58:17.716+05:30  INFO 17804 --- [restartedMain] org.hibernate.orm.core                   : HHH000489: No JTA platform available (set 'hibernate.transaction.jta.platform' to enable JTA platform integration)
2026-06-03T11:58:17.717+05:30  INFO 17804 --- [restartedMain] j.LocalContainerEntityManagerFactoryBean : Initialized JPA EntityManagerFactory for persistence unit 'default'
2026-06-03T11:58:17.798+05:30  WARN 17804 --- [restartedMain] JpaBaseConfiguration$JpaWebConfiguration : spring.jpa.open-in-view is enabled by default. Therefore, database queries may be performed during view rendering. Explicitly configure spring.jpa.open-in-view to disable this warning
2026-06-03T11:58:17.885+05:30  INFO 17804 --- [restartedMain] o.s.boot.tomcat.TomcatWebServer          : Tomcat started on port 8282 (http) with context path '/'
2026-06-03T11:58:17.891+05:30  INFO 17804 --- [restartedMain] c.msedcl.main.transaction.Application    : Started Application in 0.602 seconds (process running for 1809.343)
2026-06-03T11:58:17.892+05:30  INFO 17804 --- [restartedMain] .ConditionEvaluationDeltaLoggingListener : Condition evaluation unchanged
2026-06-03T11:58:47.506+05:30  INFO 17804 --- [File Watcher] rtingClassPathChangeChangedEventListener : Restarting due to 1 class path change (0 additions, 0 deletions, 1 modification)
2026-06-03T11:58:47.507+05:30  INFO 17804 --- [Thread-97] o.s.boot.tomcat.GracefulShutdown         : Commencing graceful shutdown. Waiting for active requests to complete
2026-06-03T11:58:47.510+05:30  INFO 17804 --- [tomcat-shutdown] o.s.boot.tomcat.GracefulShutdown         : Graceful shutdown complete
2026-06-03T11:58:47.512+05:30  INFO 17804 --- [Thread-97] j.LocalContainerEntityManagerFactoryBean : Closing JPA EntityManagerFactory for persistence unit 'default'
2026-06-03T11:58:47.513+05:30  INFO 17804 --- [Thread-97] com.zaxxer.hikari.HikariDataSource       : HikariPool-25 - Shutdown initiated...
2026-06-03T11:58:47.516+05:30  INFO 17804 --- [Thread-97] com.zaxxer.hikari.HikariDataSource       : HikariPool-25 - Shutdown completed.
2026-06-03T11:58:47.608+05:30  INFO 17804 --- [restartedMain] c.msedcl.main.transaction.Application    : Starting Application using Java 25.0.1 with PID 17804 (C:\Training\Spring Boot Microservices\03_TransactionService\target\classes started by student5 in C:\Training\Spring Boot Microservices\03_TransactionService)
2026-06-03T11:58:47.609+05:30  INFO 17804 --- [restartedMain] c.msedcl.main.transaction.Application    : No active profile set, falling back to 1 default profile: "default"
2026-06-03T11:58:47.761+05:30  INFO 17804 --- [restartedMain] .s.d.r.c.RepositoryConfigurationDelegate : Bootstrapping Spring Data JPA repositories in DEFAULT mode.
2026-06-03T11:58:47.774+05:30  INFO 17804 --- [restartedMain] .s.d.r.c.RepositoryConfigurationDelegate : Finished Spring Data repository scanning in 12 ms. Found 1 JPA repository interface.
2026-06-03T11:58:47.853+05:30  INFO 17804 --- [restartedMain] o.s.boot.tomcat.TomcatWebServer          : Tomcat initialized with port 8282 (http)
2026-06-03T11:58:47.854+05:30  INFO 17804 --- [restartedMain] o.apache.catalina.core.StandardService   : Starting service [Tomcat]
2026-06-03T11:58:47.854+05:30  INFO 17804 --- [restartedMain] o.apache.catalina.core.StandardEngine    : Starting Servlet engine: [Apache Tomcat/11.0.21]
2026-06-03T11:58:47.877+05:30  INFO 17804 --- [restartedMain] b.w.c.s.WebApplicationContextInitializer : Root WebApplicationContext: initialization completed in 266 ms
2026-06-03T11:58:47.909+05:30  INFO 17804 --- [restartedMain] com.zaxxer.hikari.HikariDataSource       : HikariPool-26 - Starting...
2026-06-03T11:58:47.927+05:30  INFO 17804 --- [restartedMain] com.zaxxer.hikari.pool.HikariPool        : HikariPool-26 - Added connection com.mysql.cj.jdbc.ConnectionImpl@730afb9e
2026-06-03T11:58:47.927+05:30  INFO 17804 --- [restartedMain] com.zaxxer.hikari.HikariDataSource       : HikariPool-26 - Start completed.
2026-06-03T11:58:47.928+05:30  INFO 17804 --- [restartedMain] org.hibernate.orm.jpa                    : HHH008540: Processing PersistenceUnitInfo [name: default]
2026-06-03T11:58:47.970+05:30  INFO 17804 --- [restartedMain] o.s.o.j.p.SpringPersistenceUnitInfo      : No LoadTimeWeaver setup: ignoring JPA class transformer
2026-06-03T11:58:47.974+05:30  INFO 17804 --- [restartedMain] org.hibernate.orm.connections.pooling    : HHH10001005: Database info:
	Database JDBC URL [jdbc:mysql://localhost:3306/transaction_db]
	Database driver: MySQL Connector/J
	Database dialect: MySQLDialect
	Database version: 8.0.45
	Default catalog/schema: transaction_db/undefined
	Autocommit mode: undefined/unknown
	Isolation level: REPEATABLE_READ [default REPEATABLE_READ]
	JDBC fetch size: none
	Pool: DataSourceConnectionProvider
	Minimum pool size: undefined/unknown
	Maximum pool size: undefined/unknown
2026-06-03T11:58:48.022+05:30  INFO 17804 --- [restartedMain] org.hibernate.orm.core                   : HHH000489: No JTA platform available (set 'hibernate.transaction.jta.platform' to enable JTA platform integration)
2026-06-03T11:58:48.022+05:30  INFO 17804 --- [restartedMain] j.LocalContainerEntityManagerFactoryBean : Initialized JPA EntityManagerFactory for persistence unit 'default'
2026-06-03T11:58:48.107+05:30  WARN 17804 --- [restartedMain] JpaBaseConfiguration$JpaWebConfiguration : spring.jpa.open-in-view is enabled by default. Therefore, database queries may be performed during view rendering. Explicitly configure spring.jpa.open-in-view to disable this warning
2026-06-03T11:58:48.203+05:30  INFO 17804 --- [restartedMain] o.s.boot.tomcat.TomcatWebServer          : Tomcat started on port 8282 (http) with context path '/'
2026-06-03T11:58:48.205+05:30  INFO 17804 --- [restartedMain] c.msedcl.main.transaction.Application    : Started Application in 0.622 seconds (process running for 1839.657)
2026-06-03T11:58:48.207+05:30  INFO 17804 --- [restartedMain] .ConditionEvaluationDeltaLoggingListener : Condition evaluation unchanged
2026-06-03T11:59:26.017+05:30  INFO 17804 --- [File Watcher] rtingClassPathChangeChangedEventListener : Restarting due to 28 class path changes (0 additions, 28 deletions, 0 modifications)
2026-06-03T11:59:26.018+05:30  INFO 17804 --- [Thread-101] o.s.boot.tomcat.GracefulShutdown         : Commencing graceful shutdown. Waiting for active requests to complete
2026-06-03T11:59:26.021+05:30  INFO 17804 --- [tomcat-shutdown] o.s.boot.tomcat.GracefulShutdown         : Graceful shutdown complete
2026-06-03T11:59:26.024+05:30  INFO 17804 --- [Thread-101] j.LocalContainerEntityManagerFactoryBean : Closing JPA EntityManagerFactory for persistence unit 'default'
2026-06-03T11:59:26.025+05:30  INFO 17804 --- [Thread-101] com.zaxxer.hikari.HikariDataSource       : HikariPool-26 - Shutdown initiated...
2026-06-03T11:59:26.033+05:30  INFO 17804 --- [Thread-101] com.zaxxer.hikari.HikariDataSource       : HikariPool-26 - Shutdown completed.
